Country,Rank,Crime Index,Year,,,,Country,2015,2015,2016,2016,2017,2017,2018,2018,2019,2019,2020,2020,Average,Average
South Sudan,1,85.32,2015,,,,,Rank,Crime Index,Rank,Crime Index,Rank,Crime Index,Rank,Crime Index,Rank,Crime Index,Rank,Crime Index,Rank,Crime Index
Venezuela,2,84.07,2015,,,,South Sudan,1,85.32,2,81.32,4,78.18,,,,,,,2.33,81.61
Guatemala,3,79.34,2015,,,,Afghanistan,5,77.34,,,6,73.85,,,5,76.63,4,76.23,5,76.01
South Africa,4,78.44,2015,,,,Honduras,9,74.91,5,76.43,3,78.34,3,78.89,3,76.84,5,76.11,4.67,76.92
Afghanistan,5,77.34,2015,,,,Malaysia,15,69.97,12,68.55,18,64.75,15,63.05,19,60.79,27,58.84,17.67,64.33
Guyana,6,76.88,2015,,,,Maldives,20,68.75,58,45.02,57,46.98,30,51.7,27,53.29,37,53.21,38.17,53.16
Nigeria,7,76.6,2015,,,,Bolivia,24,65.6,27,56.56,26,59.5,27,52.89,28,53.29,38,52.93,28.33,56.8
Trinidad And Tobago,8,75.28,2015,,,,Costa Rica,29,63.05,25,57.56,30,55.94,25,53.89,24,56.05,32,56.33,27.5,57.14
Honduras,9,74.91,2015,,,,Tanzania,34,61.8,20,60.02,24,61.39,19,59.83,23,59.01,25,58.95,24.17,60.17
Bahamas,10,72.93,2015,,,,Uzbekistan,39,58.13,,,,,,,,,,,39,58.13
Kenya,11,72.61,2015,,,,Iraq,45,54.06,37,51.51,35,54.35,57,43.34,53,45.56,48,47.78,45.83,49.43
Jamaica,12,71.91,2015,,,,Russia,51,51.33,50,47.31,59,46.05,50,45.2,66,41.93,74,41.12,58.33,45.49
Mongolia,13,70.25,2015,,,,Myanmar,56,49.77,,,,,,,,,55,45.86,55.5,47.82
Yemen,14,70.09,2015,,,,Ukraine,62,49.36,43,48.62,41,51.27,37,49.39,41,48.88,46,48.85,45,49.4
Malaysia,15,69.97,2015,,,,Indonesia,68,47.22,51,46.97,48,49.68,52,44.72,52,46.01,56,45.84,54.5,46.74
Papua New Guinea,16,69.89,2015,,,,Kazakhstan,72,46.68,56,45.88,54,48.29,41,49.15,10,66.51,20,62.02,42.17,53.09
Libya,17,69.64,2015,,,,Barbados,77,44.38,,,,,,,,,,,77,44.38
El Salvador,18,69.44,2015,,,,Serbia,82,43.43,60,43.28,82,38.62,76,37.76,77,37.27,86,37.41,77.17,39.63
Brazil,19,68.95,2015,,,,Sweden,87,42.09,64,43.12,58,46.65,38,49.26,38,49.35,52,47.07,56.17,46.26
Maldives,20,68.75,2015,,,,Zambia,92,41.72,,,,,,,,,,,92,41.72
Angola,21,67.97,2015,,,,Latvia,98,37.22,76,37.79,86,36.45,82,36.89,79,36.77,87,36.95,84.67,37.01
Dominican Republic,22,67.72,2015,,,,North Macedonia,103,36.06,75,38.02,81,38.66,65,40.21,75,39.29,84,38.67,80.5,38.49
Puerto Rico,23,67.06,2015,,,,Netherlands,108,35.41,91,31.47,101,29.89,96,28.94,98,28.57,109,27.62,100.5,30.32
Bolivia,24,65.6,2015,,,,Saudi Arabia,112,34.57,107,25.2,113,23.65,84,36.69,94,29.73,111,26.18,103.5,29.34
Somalia,25,65.6,2015,,,,Czech Republic,118,32.89,89,32.06,99,30.18,97,28.81,100,26.66,112,25.52,102.5,29.35
Kyrgyzstan,26,65.07,2015,,,,Brunei,123,30.35,79,36.96,87,36.07,,,,,107,27.68,99,32.77
Cameroon,27,64.84,2015,,,,Germany,129,28.49,86,32.95,95,32.03,85,36.65,84,34.51,90,34.81,94.83,33.24
Bangladesh,28,64.25,2015,,,,Denmark,135,25.71,106,25.67,117,21.13,105,22.02,102,24.25,113,25.1,113,23.98
Costa Rica,29,63.05,2015,,,,Japan,140,20.24,115,19.34,118,20.89,115,13.1,117,13.73,125,20.66,121.67,17.99
Argentina,30,62.4,2015,,,,Turkmenistan,145,17.86,,,,,,,,,,,145,17.86
Haiti,31,62.31,2015,,,,Venezuela,2,84.07,1,84.44,1,85.28,1,82.59,1,83.23,1,84.49,1.17,84.02
Belize,32,62.27,2015,,,,Guyana,6,76.88,,,,,,,,,10,67.66,8,72.27
Zimbabwe,33,62.18,2015,,,,Bahamas,10,72.93,,,20,63.21,,,,,18,62.86,16,66.33
Tanzania,34,61.8,2015,,,,Papua New Guinea,16,69.89,4,77.58,2,82.38,2,79.95,2,79.88,2,81.93,4.67,78.6
Pakistan,35,61.16,2015,,,,Angola,21,67.97,,,16,65.51,,,,,15,64.97,17.33,66.15
Mozambique,36,60.47,2015,,,,Somalia,25,65.6,29,55.72,27,58.83,,,20,60.1,28,58.5,25.8,59.75
Egypt,37,60.14,2015,,,,Argentina,30,62.4,17,63.28,22,62.63,17,61.79,17,62.55,21,61.77,20.67,62.4
Uganda,38,59.41,2015,,,,Pakistan,35,61.16,26,56.63,34,54.38,31,51.23,48,46.73,63,44.08,39.5,52.37
Uzbekistan,39,58.13,2015,,,,Peru,40,57.63,15,64,19,63.28,13,63.91,13,65.28,8,68.15,18,63.71
Peru,40,57.63,2015,,,,Ecuador,46,54.04,34,52.95,44,50.88,39,49.18,40,48.98,39,50.9,40.33,51.16
Colombia,41,56.88,2015,,,,Iran,52,50.9,36,52.37,43,50.9,36,49.4,39,49.33,43,49.25,41.5,50.36
Syria,42,56.32,2015,,,,France,57,49.71,59,44.06,67,43.66,49,45.29,51,46.39,54,46.79,56.17,45.98
Namibia,43,55.59,2015,,,,Nepal,63,49.18,67,42.15,85,37.15,70,39.51,81,36.44,92,34.56,76.33,39.83
Paraguay,44,55.57,2015,,,,Uruguay,69,47.17,33,53.06,40,51.64,29,51.83,31,52.01,35,53.81,39.5,51.59
Iraq,45,54.06,2015,,,,India,73,46.55,53,46.59,66,43.96,55,44.16,63,42.72,68,43.32,63,44.55
Ecuador,46,54.04,2015,,,,Cambodia,78,44.06,46,48.17,32,54.61,24,54.38,34,51.28,40,50.66,42.33,50.53
Mexico,47,53.84,2015,,,,Philippines,83,43.11,77,37.61,77,39.77,66,40.13,68,40.83,70,42.16,73.5,40.6
Vietnam,48,52.29,2015,,,,Belgium,88,42.04,57,45.19,64,44.51,60,42.17,64,42.46,64,43.98,66.17,43.39
Lebanon,49,51.98,2015,,,,Greece,93,41.35,74,38.46,74,40.32,74,39.07,76,38.57,78,40.32,78.17,39.68
Algeria,50,51.34,2015,,,,Thailand,99,37.06,65,42.56,47,49.78,46,47.25,49,46.66,77,40.48,63.83,43.97
Russia,51,51.33,2015,,,,Portugal,104,35.84,83,35.13,88,35.39,89,34.54,91,32.13,101,29.63,92.67,33.78
Iran,52,50.9,2015,,,,Palestine,109,35.39,,,84,38.01,75,37.95,78,36.99,66,43.59,82.4,38.39
Panama,53,50.08,2015,,,,Oman,113,34.43,100,28.98,111,24.47,99,27.37,105,22.83,123,20.79,108.5,26.48
United States,54,50.01,2015,,,,Cyprus,119,31.56,95,30.19,94,32.46,93,30.18,96,29.31,100,30.01,99.5,30.62
Sri Lanka,55,49.96,2015,,,,Romania,124,29.72,98,29.72,104,27.95,95,29.04,99,27.84,108,27.64,104.67,28.65
Myanmar,56,49.77,2015,,,,Estonia,130,28.13,108,24.67,114,23,108,20.83,112,20.8,119,23.14,115.17,23.43
France,57,49.71,2015,,,,United Arab Emirates,136,22.22,110,23.08,121,20.66,112,18.75,116,16.32,127,15.7,120.33,19.46
Moldova,58,49.7,2015,,,,Hong Kong,141,19.24,114,20.85,120,20.68,107,20.9,114,19.32,124,20.7,120,20.28
Albania,59,49.6,2015,,,,Singapore,146,17.59,116,15.81,124,16.58,113,16.23,110,21.47,99,30.57,118,19.71
Fiji,60,49.44,2015,,,,Guatemala,3,79.34,16,63.54,25,59.58,21,59.35,25,55.92,30,57.83,20,62.59
Ghana,61,49.42,2015,,,,Nigeria,7,76.6,6,74.14,8,70.87,14,63.12,15,64.41,17,63.77,11.17,68.82
Ukraine,62,49.36,2015,,,,Kenya,11,72.61,10,69.49,17,64.96,20,59.77,26,54.82,22,61.66,17.67,63.89
Nepal,63,49.18,2015,,,,Libya,17,69.64,22,57.81,33,54.47,22,56.74,22,59.18,19,62.19,22.5,60.01
Ireland,64,49.07,2015,,,,Dominican Republic,22,67.72,18,63.25,23,62.62,18,61.53,18,61.35,23,61.16,20.33,62.94
Mauritius,65,48.53,2015,,,,Kyrgyzstan,26,65.07,,,,,,,,,,,26,65.07
Morocco,66,47.55,2015,,,,Haiti,31,62.31,,,,,,,,,,,31,62.31
Italy,67,47.5,2015,,,,Mozambique,36,60.47,,,,,,,,,,,36,60.47
Indonesia,68,47.22,2015,,,,Colombia,41,56.88,44,48.51,39,51.69,34,50.66,35,51.26,33,54.79,37.67,52.3
Uruguay,69,47.17,2015,,,,Mexico,47,53.84,38,50.8,45,50.32,32,51.05,30,52.3,34,53.97,37.67,52.05
Botswana,70,46.77,2015,,,,Panama,53,50.08,35,52.69,46,50.01,43,48.35,50,46.43,51,47.19,46.33,49.13
Kosovo (Disputed Territory),71,46.76,2015,,,,Moldova,58,49.7,47,48.16,62,45.35,48,45.66,55,45.45,60,44.98,55,46.55
Kazakhstan,72,46.68,2015,,,,Ireland,64,49.07,45,48.39,60,45.77,56,43.82,57,44.52,57,45.43,56.5,46.17
India,73,46.55,2015,,,,Botswana,70,46.77,,,28,58.22,,,,,36,53.49,44.67,52.83
Bosnia And Herzegovina,74,45.82,2015,,,,Bosnia And Herzegovina,74,45.82,66,42.46,72,40.97,67,40.05,60,43.79,69,43.03,68,42.69
Jordan,75,45.51,2015,,,,Timor-Leste,79,43.75,,,,,,,,,,,79,43.75
Chile,76,45.01,2015,,,,Tunisia,84,42.67,73,38.9,73,40.94,64,40.43,65,42.29,71,41.88,71.67,41.19
Barbados,77,44.38,2015,,,,United Kingdom,89,42.01,62,43.13,70,41.19,62,41.2,62,42.72,65,43.71,68.33,42.33
Cambodia,78,44.06,2015,,,,Bermuda,94,40.29,,,,,,,,,,,94,40.29
Timor-Leste,79,43.75,2015,,,,Lithuania,100,36.69,61,43.15,76,40.03,77,37.59,80,36.51,94,33.06,81.33,37.84
Kuwait,80,43.51,2015,,,,Luxembourg,105,35.74,82,36.03,102,29.04,90,32.12,97,29.07,93,33.39,94.83,32.57
Bulgaria,81,43.45,2015,,,,Ethiopia,110,35.07,84,34.19,50,49.18,45,47.67,44,47.18,44,49.21,62.83,43.75
Serbia,82,43.43,2015,,,,Spain,114,33.85,90,31.77,97,31.28,83,36.74,89,32.46,96,31.96,94.83,33.01
Philippines,83,43.11,2015,,,,Norway,120,31.19,96,30.11,61,45.69,58,43.33,82,35.32,88,35.43,84.17,36.85
Tunisia,84,42.67,2015,,,,Finland,125,29.55,101,28.12,110,24.63,104,23.7,106,22.8,118,23.32,110.67,25.35
Nicaragua,85,42.37,2015,,,,Monaco,131,27.94,,,,,,,,,,,131,27.94
Australia,86,42.16,2015,,,,Georgia,137,22.01,112,22.16,119,20.83,111,20.35,113,19.86,126,20.21,119.67,20.9
Sweden,87,42.09,2015,,,,Rwanda,142,19.16,,,,,,,,,,,142,19.16
Belgium,88,42.04,2015,,,,Isle Of Man,147,15.1,,,,,,,,,,,147,15.1
United Kingdom,89,42.01,2015,,,,South Africa,4,78.44,3,78.43,5,75.72,4,75.71,4,76.8,3,77.49,3.83,77.1
Hungary,90,41.76,2015,,,,Trinidad And Tobago,8,75.28,7,72.6,10,70.15,5,72.22,6,74.04,6,73.19,7,72.91
China,91,41.75,2015,,,,Jamaica,12,71.91,14,65.53,13,67.48,11,66.87,14,65.28,13,66.04,12.83,67.19
Zambia,92,41.72,2015,,,,El Salvador,18,69.44,8,72.04,7,71.57,7,69.72,9,68.08,9,67.96,9.67,69.8
Greece,93,41.35,2015,,,,Puerto Rico,23,67.06,13,65.92,11,69.19,12,64.94,12,65.53,14,65.63,14.17,66.38
Bermuda,94,40.29,2015,,,,Cameroon,27,64.84,,,,,,,,,,,27,64.84
Bahrain,95,39.97,2015,,,,Belize,32,62.27,,,,,,,,,,,32,62.27
New Zealand,96,39.76,2015,,,,Egypt,37,60.14,28,56.53,38,52.86,26,53.72,36,50.71,53,46.92,36.33,53.48
Canada,97,37.46,2015,,,,Syria,42,56.32,31,54.73,15,66.34,10,67.74,16,63.59,12,66.46,21,62.53
Latvia,98,37.22,2015,,,,Vietnam,48,52.29,30,55.69,37,52.96,28,52.22,42,48.78,58,45.35,40.5,51.22
Thailand,99,37.06,2015,,,,United States,54,50.01,42,48.87,53,48.76,35,49.58,45,47.13,50,47.2,46.5,48.59
Lithuania,100,36.69,2015,,,,Albania,59,49.6,48,48.15,65,44.27,68,39.87,71,40.3,81,39.52,65.33,43.62
Turkey,101,36.4,2015,,,,Mauritius,65,48.53,32,53.69,42,51.13,44,48.31,47,46.81,49,47.33,46.5,49.3
Laos,102,36.24,2015,,,,Kosovo,71,46.76,,,,,,,,,95,32.91,83,39.84
North Macedonia,103,36.06,2015,,,,Jordan,75,45.51,52,46.89,68,43.14,53,44.55,59,43.82,76,40.83,63.83,44.12
Portugal,104,35.84,2015,,,,Kuwait,80,43.51,81,36.04,93,33.48,79,37.03,86,33.91,91,34.75,85,36.45
Luxembourg,105,35.74,2015,,,,Nicaragua,85,42.37,,,,,,,,,61,44.44,73,43.41
Sudan,106,35.68,2015,,,,Hungary,90,41.76,69,41.93,83,38.39,86,36.51,83,35.17,89,35.08,83.33,38.14
Azerbaijan,107,35.47,2015,,,,Bahrain,95,39.97,78,37.26,89,35.35,80,36.96,88,32.87,103,29.29,88.83,35.28
Netherlands,108,35.41,2015,,,,Turkey,101,36.4,71,39.43,71,41.09,63,41.06,70,40.38,82,39.49,76.33,39.64
Palestine,109,35.39,2015,,,,Sudan,106,35.68,,,90,35.05,,,,,,,98,35.37
Ethiopia,110,35.07,2015,,,,Montenegro,111,34.89,49,47.8,80,38.67,78,37.51,69,40.48,73,41.18,76.67,40.09
Montenegro,111,34.89,2015,,,,Slovakia,115,33.34,85,33.49,100,30.18,94,30.15,95,29.54,104,29.22,98.83,30.99
Saudi Arabia,112,34.57,2015,,,,Belarus,121,30.5,102,27.57,116,22.26,101,26.55,103,23.53,114,24.99,109.5,25.9
Oman,113,34.43,2015,,,,Croatia,126,29.34,99,29.51,105,27.8,100,27,101,24.69,115,24.71,107.67,27.18
Spain,114,33.85,2015,,,,Switzerland,132,26.77,105,25.73,115,22.45,106,21.76,109,21.5,121,21.6,114.67,23.3
Slovakia,115,33.34,2015,,,,Taiwan,138,21.88,113,21.21,123,17.24,109,20.74,115,17.38,128,15.65,121,19.02
Iceland,116,33.32,2015,,,,Faroe Islands,143,18.53,,,,,,,,,,,143,18.53
Poland,117,32.99,2015,,,,Cuba,,,,,,,,,,,110,27.45,110,13.73
Czech Republic,118,32.89,2015,,,,Mongolia,13,70.25,23,57.76,12,67.62,16,62.56,21,59.76,29,57.97,19,62.65
Cyprus,119,31.56,2015,,,,Brazil,19,68.95,9,71.23,9,70.62,6,70.55,7,70.24,7,68.88,9.5,70.08
Norway,120,31.19,2015,,,,Bangladesh,28,64.25,11,68.56,14,67.24,8,68.52,11,65.82,16,63.94,14.67,66.39
Belarus,121,30.5,2015,,,,Zimbabwe,33,62.18,21,60.02,36,53.46,23,54.56,33,51.8,31,57.47,29.5,56.58
Israel,122,30.4,2015,,,,Uganda,38,59.41,,,29,56.87,,,29,53.27,24,59,30,57.14
Brunei,123,30.35,2015,,,,Namibia,43,55.59,19,60.89,21,63.09,9,68.22,8,68.66,11,67.21,18.5,63.94
Romania,124,29.72,2015,,,,Lebanon,49,51.98,39,50.56,51,49.16,40,49.16,58,44.27,67,43.36,50.67,48.08
Finland,125,29.55,2015,,,,Sri Lanka,55,49.96,54,46.26,91,34.57,61,41.75,67,41.03,79,40.22,67.83,42.3
Croatia,126,29.34,2015,,,,Fiji,60,49.44,,,31,55.6,,,,,26,58.92,39,54.65
Armenia,127,29.14,2015,,,,Morocco,66,47.55,40,50.28,52,48.89,42,48.51,37,50.24,47,48.69,47.33,49.03
Slovenia,128,28.71,2015,,,,Chile,76,45.01,68,42,55,47.5,47,46.48,46,46.81,59,45.23,58.5,45.51
Germany,129,28.49,2015,,,,Bulgaria,81,43.45,70,41.42,75,40.18,69,39.7,72,40,85,38.5,75.33,40.54
Estonia,130,28.13,2015,,,,Australia,86,42.16,63,43.12,69,42.42,59,42.55,61,42.76,72,41.36,68.33,42.4
Monaco,131,27.94,2015,,,,China,91,41.75,88,32.08,92,33.9,71,39.44,54,45.46,97,31.83,82.17,37.41
Switzerland,132,26.77,2015,,,,New Zealand,96,39.76,80,36.37,79,38.78,73,39.15,73,39.55,75,40.93,79.33,39.09
Austria,133,26.25,2015,,,,Laos,102,36.24,,,,,,,,,,,102,36.24
Malta,134,25.91,2015,,,,Azerbaijan,107,35.47,87,32.39,108,27.05,92,30.52,92,31.67,98,31.61,97.33,31.45
Denmark,135,25.71,2015,,,,Iceland,116,33.32,97,29.89,106,27.49,103,24.49,104,23.28,117,23.36,107.17,26.97
United Arab Emirates,136,22.22,2015,,,,Israel,122,30.4,94,30.63,103,29.01,81,36.9,90,32.16,102,29.6,98.67,31.45
Georgia,137,22.01,2015,,,,Armenia,127,29.14,93,31.11,107,27.08,98,28.28,108,22,120,21.6,108.83,26.54
Taiwan,138,21.88,2015,,,,Austria,133,26.25,109,24.06,122,19.25,110,20.41,111,21.37,116,23.73,116.83,22.51
Qatar,139,21.04,2015,,,,Qatar,139,21.04,111,22.34,125,15.7,114,15.7,118,13.26,118,13.26,120.83,16.88
Japan,140,20.24,2015,,,,South Korea,144,17.99,117,14.31,109,25.27,88,35.83,85,34.05,106,28.02,108.17,25.91
Hong Kong,141,19.24,2015,,,,Yemen,14,70.09,,,,,,,,,,,14,70.09
Rwanda,142,19.16,2015,,,,Paraguay,44,55.57,,,,,,,,,42,49.6,43,52.59
Faroe Islands,143,18.53,2015,,,,Algeria,50,51.34,24,57.58,49,49.63,33,50.68,43,48.33,41,49.81,40,51.23
South Korea,144,17.99,2015,,,,Ghana,61,49.42,41,49.01,56,46.99,51,45,32,51.95,45,48.97,47.67,48.56
Turkmenistan,145,17.86,2015,,,,Italy,67,47.5,55,46.22,63,44.66,54,44.53,56,45.02,62,44.26,59.5,45.37
Singapore,146,17.59,2015,,,,Canada,97,37.46,72,39.2,78,39.25,72,39.28,74,39.51,80,39.67,78.83,39.06
Isle Of Man,147,15.1,2015,,,,Poland,117,32.99,92,31.41,96,31.53,87,36.23,93,30.09,105,28.5,98.33,31.79
,,,,,,,Slovenia,128,28.71,104,26.27,112,24.05,102,24.71,107,22.57,122,21.07,112.5,24.56
Venezuela,1,84.44,2016,,,,Malta,134,25.91,103,26.73,98,30.56,91,31.93,87,33.53,83,39.04,99.33,31.28
South Sudan,2,81.32,2016,,,,,,,,,,,,,,,,,,
South Africa,3,78.43,2016,,,,,,,,,,,,,,,,,,
Papua New Guinea,4,77.58,2016,,,,,,,,,,,,,,,,,,
Honduras,5,76.43,2016,,,,,,,,,,,,,,,,,,
Nigeria,6,74.14,2016,,,,,,,,,,,,,,,,,,
Trinidad And Tobago,7,72.6,2016,,,,,,,,,,,,,,,,,,
El Salvador,8,72.04,2016,,,,,,,,,,,,,,,,,,
Brazil,9,71.23,2016,,,,,,,,,,,,,,,,,,
Kenya,10,69.49,2016,,,,,,,,,,,,,,,,,,
Bangladesh,11,68.56,2016,,,,,,,,,,,,,,,,,,
Malaysia,12,68.55,2016,,,,,,,,,,,,,,,,,,
Puerto Rico,13,65.92,2016,,,,,,,,,,,,,,,,,,
Jamaica,14,65.53,2016,,,,,,,,,,,,,,,,,,
Peru,15,64,2016,,,,,,,,,,,,,,,,,,
Guatemala,16,63.54,2016,,,,,,,,,,,,,,,,,,
Argentina,17,63.28,2016,,,,,,,,,,,,,,,,,,
Dominican Republic,18,63.25,2016,,,,,,,,,,,,,,,,,,
Namibia,19,60.89,2016,,,,,,,,,,,,,,,,,,
Tanzania,20,60.02,2016,,,,,,,,,,,,,,,,,,
Zimbabwe,21,60.02,2016,,,,,,,,,,,,,,,,,,
Libya,22,57.81,2016,,,,,,,,,,,,,,,,,,
Mongolia,23,57.76,2016,,,,,,,,,,,,,,,,,,
Algeria,24,57.58,2016,,,,,,,,,,,,,,,,,,
Costa Rica,25,57.56,2016,,,,,,,,,,,,,,,,,,
Pakistan,26,56.63,2016,,,,,,,,,,,,,,,,,,
Bolivia,27,56.56,2016,,,,,,,,,,,,,,,,,,
Egypt,28,56.53,2016,,,,,,,,,,,,,,,,,,
Somalia,29,55.72,2016,,,,,,,,,,,,,,,,,,
Vietnam,30,55.69,2016,,,,,,,,,,,,,,,,,,
Syria,31,54.73,2016,,,,,,,,,,,,,,,,,,
Mauritius,32,53.69,2016,,,,,,,,,,,,,,,,,,
Uruguay,33,53.06,2016,,,,,,,,,,,,,,,,,,
Ecuador,34,52.95,2016,,,,,,,,,,,,,,,,,,
Panama,35,52.69,2016,,,,,,,,,,,,,,,,,,
Iran,36,52.37,2016,,,,,,,,,,,,,,,,,,
Iraq,37,51.51,2016,,,,,,,,,,,,,,,,,,
Mexico,38,50.8,2016,,,,,,,,,,,,,,,,,,
Lebanon,39,50.56,2016,,,,,,,,,,,,,,,,,,
Morocco,40,50.28,2016,,,,,,,,,,,,,,,,,,
Ghana,41,49.01,2016,,,,,,,,,,,,,,,,,,
United States,42,48.87,2016,,,,,,,,,,,,,,,,,,
Ukraine,43,48.62,2016,,,,,,,,,,,,,,,,,,
Colombia,44,48.51,2016,,,,,,,,,,,,,,,,,,
Ireland,45,48.39,2016,,,,,,,,,,,,,,,,,,
Cambodia,46,48.17,2016,,,,,,,,,,,,,,,,,,
Moldova,47,48.16,2016,,,,,,,,,,,,,,,,,,
Albania,48,48.15,2016,,,,,,,,,,,,,,,,,,
Montenegro,49,47.8,2016,,,,,,,,,,,,,,,,,,
Russia,50,47.31,2016,,,,,,,,,,,,,,,,,,
Indonesia,51,46.97,2016,,,,,,,,,,,,,,,,,,
Jordan,52,46.89,2016,,,,,,,,,,,,,,,,,,
India,53,46.59,2016,,,,,,,,,,,,,,,,,,
Sri Lanka,54,46.26,2016,,,,,,,,,,,,,,,,,,
Italy,55,46.22,2016,,,,,,,,,,,,,,,,,,
Kazakhstan,56,45.88,2016,,,,,,,,,,,,,,,,,,
Belgium,57,45.19,2016,,,,,,,,,,,,,,,,,,
Maldives,58,45.02,2016,,,,,,,,,,,,,,,,,,
France,59,44.06,2016,,,,,,,,,,,,,,,,,,
Serbia,60,43.28,2016,,,,,,,,,,,,,,,,,,
Lithuania,61,43.15,2016,,,,,,,,,,,,,,,,,,
United Kingdom,62,43.13,2016,,,,,,,,,,,,,,,,,,
Australia,63,43.12,2016,,,,,,,,,,,,,,,,,,
Sweden,64,43.12,2016,,,,,,,,,,,,,,,,,,
Thailand,65,42.56,2016,,,,,,,,,,,,,,,,,,
Bosnia And Herzegovina,66,42.46,2016,,,,,,,,,,,,,,,,,,
Nepal,67,42.15,2016,,,,,,,,,,,,,,,,,,
Chile,68,42,2016,,,,,,,,,,,,,,,,,,
Hungary,69,41.93,2016,,,,,,,,,,,,,,,,,,
Bulgaria,70,41.42,2016,,,,,,,,,,,,,,,,,,
Turkey,71,39.43,2016,,,,,,,,,,,,,,,,,,
Canada,72,39.2,2016,,,,,,,,,,,,,,,,,,
Tunisia,73,38.9,2016,,,,,,,,,,,,,,,,,,
Greece,74,38.46,2016,,,,,,,,,,,,,,,,,,
North Macedonia,75,38.02,2016,,,,,,,,,,,,,,,,,,
Latvia,76,37.79,2016,,,,,,,,,,,,,,,,,,
Philippines,77,37.61,2016,,,,,,,,,,,,,,,,,,
Bahrain,78,37.26,2016,,,,,,,,,,,,,,,,,,
Brunei,79,36.96,2016,,,,,,,,,,,,,,,,,,
New Zealand,80,36.37,2016,,,,,,,,,,,,,,,,,,
Kuwait,81,36.04,2016,,,,,,,,,,,,,,,,,,
Luxembourg,82,36.03,2016,,,,,,,,,,,,,,,,,,
Portugal,83,35.13,2016,,,,,,,,,,,,,,,,,,
Ethiopia,84,34.19,2016,,,,,,,,,,,,,,,,,,
Slovakia,85,33.49,2016,,,,,,,,,,,,,,,,,,
Germany,86,32.95,2016,,,,,,,,,,,,,,,,,,
Azerbaijan,87,32.39,2016,,,,,,,,,,,,,,,,,,
China,88,32.08,2016,,,,,,,,,,,,,,,,,,
Czech Republic,89,32.06,2016,,,,,,,,,,,,,,,,,,
Spain,90,31.77,2016,,,,,,,,,,,,,,,,,,
Netherlands,91,31.47,2016,,,,,,,,,,,,,,,,,,
Poland,92,31.41,2016,,,,,,,,,,,,,,,,,,
Armenia,93,31.11,2016,,,,,,,,,,,,,,,,,,
Israel,94,30.63,2016,,,,,,,,,,,,,,,,,,
Cyprus,95,30.19,2016,,,,,,,,,,,,,,,,,,
Norway,96,30.11,2016,,,,,,,,,,,,,,,,,,
Iceland,97,29.89,2016,,,,,,,,,,,,,,,,,,
Romania,98,29.72,2016,,,,,,,,,,,,,,,,,,
Croatia,99,29.51,2016,,,,,,,,,,,,,,,,,,
Oman,100,28.98,2016,,,,,,,,,,,,,,,,,,
Finland,101,28.12,2016,,,,,,,,,,,,,,,,,,
Belarus,102,27.57,2016,,,,,,,,,,,,,,,,,,
Malta,103,26.73,2016,,,,,,,,,,,,,,,,,,
Slovenia,104,26.27,2016,,,,,,,,,,,,,,,,,,
Switzerland,105,25.73,2016,,,,,,,,,,,,,,,,,,
Denmark,106,25.67,2016,,,,,,,,,,,,,,,,,,
Saudi Arabia,107,25.2,2016,,,,,,,,,,,,,,,,,,
Estonia,108,24.67,2016,,,,,,,,,,,,,,,,,,
Austria,109,24.06,2016,,,,,,,,,,,,,,,,,,
United Arab Emirates,110,23.08,2016,,,,,,,,,,,,,,,,,,
Qatar,111,22.34,2016,,,,,,,,,,,,,,,,,,
Georgia,112,22.16,2016,,,,,,,,,,,,,,,,,,
Taiwan,113,21.21,2016,,,,,,,,,,,,,,,,,,
Hong Kong,114,20.85,2016,,,,,,,,,,,,,,,,,,
Japan,115,19.34,2016,,,,,,,,,,,,,,,,,,
Singapore,116,15.81,2016,,,,,,,,,,,,,,,,,,
South Korea,117,14.31,2016,,,,,,,,,,,,,,,,,,
,,,,,,,,,,,,,,,,,,,,,
Venezuela,1,85.28,2017,,,,,,,,,,,,,,,,,,
Papua New Guinea,2,82.38,2017,,,,,,,,,,,,,,,,,,
Honduras,3,78.34,2017,,,,,,,,,,,,,,,,,,
South Sudan,4,78.18,2017,,,,,,,,,,,,,,,,,,
South Africa,5,75.72,2017,,,,,,,,,,,,,,,,,,
Afghanistan,6,73.85,2017,,,,,,,,,,,,,,,,,,
El Salvador,7,71.57,2017,,,,,,,,,,,,,,,,,,
Nigeria,8,70.87,2017,,,,,,,,,,,,,,,,,,
Brazil,9,70.62,2017,,,,,,,,,,,,,,,,,,
Trinidad And Tobago,10,70.15,2017,,,,,,,,,,,,,,,,,,
Puerto Rico,11,69.19,2017,,,,,,,,,,,,,,,,,,
Mongolia,12,67.62,2017,,,,,,,,,,,,,,,,,,
Jamaica,13,67.48,2017,,,,,,,,,,,,,,,,,,
Bangladesh,14,67.24,2017,,,,,,,,,,,,,,,,,,
Syria,15,66.34,2017,,,,,,,,,,,,,,,,,,
Angola,16,65.51,2017,,,,,,,,,,,,,,,,,,
Kenya,17,64.96,2017,,,,,,,,,,,,,,,,,,
Malaysia,18,64.75,2017,,,,,,,,,,,,,,,,,,
Peru,19,63.28,2017,,,,,,,,,,,,,,,,,,
Bahamas,20,63.21,2017,,,,,,,,,,,,,,,,,,
Namibia,21,63.09,2017,,,,,,,,,,,,,,,,,,
Argentina,22,62.63,2017,,,,,,,,,,,,,,,,,,
Dominican Republic,23,62.62,2017,,,,,,,,,,,,,,,,,,
Tanzania,24,61.39,2017,,,,,,,,,,,,,,,,,,
Guatemala,25,59.58,2017,,,,,,,,,,,,,,,,,,
Bolivia,26,59.5,2017,,,,,,,,,,,,,,,,,,
Somalia,27,58.83,2017,,,,,,,,,,,,,,,,,,
Botswana,28,58.22,2017,,,,,,,,,,,,,,,,,,
Uganda,29,56.87,2017,,,,,,,,,,,,,,,,,,
Costa Rica,30,55.94,2017,,,,,,,,,,,,,,,,,,
Fiji,31,55.6,2017,,,,,,,,,,,,,,,,,,
Cambodia,32,54.61,2017,,,,,,,,,,,,,,,,,,
Libya,33,54.47,2017,,,,,,,,,,,,,,,,,,
Pakistan,34,54.38,2017,,,,,,,,,,,,,,,,,,
Iraq,35,54.35,2017,,,,,,,,,,,,,,,,,,
Zimbabwe,36,53.46,2017,,,,,,,,,,,,,,,,,,
Vietnam,37,52.96,2017,,,,,,,,,,,,,,,,,,
Egypt,38,52.86,2017,,,,,,,,,,,,,,,,,,
Colombia,39,51.69,2017,,,,,,,,,,,,,,,,,,
Uruguay,40,51.64,2017,,,,,,,,,,,,,,,,,,
Ukraine,41,51.27,2017,,,,,,,,,,,,,,,,,,
Mauritius,42,51.13,2017,,,,,,,,,,,,,,,,,,
Iran,43,50.9,2017,,,,,,,,,,,,,,,,,,
Ecuador,44,50.88,2017,,,,,,,,,,,,,,,,,,
Mexico,45,50.32,2017,,,,,,,,,,,,,,,,,,
Panama,46,50.01,2017,,,,,,,,,,,,,,,,,,
Thailand,47,49.78,2017,,,,,,,,,,,,,,,,,,
Indonesia,48,49.68,2017,,,,,,,,,,,,,,,,,,
Algeria,49,49.63,2017,,,,,,,,,,,,,,,,,,
Ethiopia,50,49.18,2017,,,,,,,,,,,,,,,,,,
Lebanon,51,49.16,2017,,,,,,,,,,,,,,,,,,
Morocco,52,48.89,2017,,,,,,,,,,,,,,,,,,
United States,53,48.76,2017,,,,,,,,,,,,,,,,,,
Kazakhstan,54,48.29,2017,,,,,,,,,,,,,,,,,,
Chile,55,47.5,2017,,,,,,,,,,,,,,,,,,
Ghana,56,46.99,2017,,,,,,,,,,,,,,,,,,
Maldives,57,46.98,2017,,,,,,,,,,,,,,,,,,
Sweden,58,46.65,2017,,,,,,,,,,,,,,,,,,
Russia,59,46.05,2017,,,,,,,,,,,,,,,,,,
Ireland,60,45.77,2017,,,,,,,,,,,,,,,,,,
Norway,61,45.69,2017,,,,,,,,,,,,,,,,,,
Moldova,62,45.35,2017,,,,,,,,,,,,,,,,,,
Italy,63,44.66,2017,,,,,,,,,,,,,,,,,,
Belgium,64,44.51,2017,,,,,,,,,,,,,,,,,,
Albania,65,44.27,2017,,,,,,,,,,,,,,,,,,
India,66,43.96,2017,,,,,,,,,,,,,,,,,,
France,67,43.66,2017,,,,,,,,,,,,,,,,,,
Jordan,68,43.14,2017,,,,,,,,,,,,,,,,,,
Australia,69,42.42,2017,,,,,,,,,,,,,,,,,,
United Kingdom,70,41.19,2017,,,,,,,,,,,,,,,,,,
Turkey,71,41.09,2017,,,,,,,,,,,,,,,,,,
Bosnia And Herzegovina,72,40.97,2017,,,,,,,,,,,,,,,,,,
Tunisia,73,40.94,2017,,,,,,,,,,,,,,,,,,
Greece,74,40.32,2017,,,,,,,,,,,,,,,,,,
Bulgaria,75,40.18,2017,,,,,,,,,,,,,,,,,,
Lithuania,76,40.03,2017,,,,,,,,,,,,,,,,,,
Philippines,77,39.77,2017,,,,,,,,,,,,,,,,,,
Canada,78,39.25,2017,,,,,,,,,,,,,,,,,,
New Zealand,79,38.78,2017,,,,,,,,,,,,,,,,,,
Montenegro,80,38.67,2017,,,,,,,,,,,,,,,,,,
North Macedonia,81,38.66,2017,,,,,,,,,,,,,,,,,,
Serbia,82,38.62,2017,,,,,,,,,,,,,,,,,,
Hungary,83,38.39,2017,,,,,,,,,,,,,,,,,,
Palestine,84,38.01,2017,,,,,,,,,,,,,,,,,,
Nepal,85,37.15,2017,,,,,,,,,,,,,,,,,,
Latvia,86,36.45,2017,,,,,,,,,,,,,,,,,,
Brunei,87,36.07,2017,,,,,,,,,,,,,,,,,,
Portugal,88,35.39,2017,,,,,,,,,,,,,,,,,,
Bahrain,89,35.35,2017,,,,,,,,,,,,,,,,,,
Sudan,90,35.05,2017,,,,,,,,,,,,,,,,,,
Sri Lanka,91,34.57,2017,,,,,,,,,,,,,,,,,,
China,92,33.9,2017,,,,,,,,,,,,,,,,,,
Kuwait,93,33.48,2017,,,,,,,,,,,,,,,,,,
Cyprus,94,32.46,2017,,,,,,,,,,,,,,,,,,
Germany,95,32.03,2017,,,,,,,,,,,,,,,,,,
Poland,96,31.53,2017,,,,,,,,,,,,,,,,,,
Spain,97,31.28,2017,,,,,,,,,,,,,,,,,,
Malta,98,30.56,2017,,,,,,,,,,,,,,,,,,
Czech Republic,99,30.18,2017,,,,,,,,,,,,,,,,,,
Slovakia,100,30.18,2017,,,,,,,,,,,,,,,,,,
Netherlands,101,29.89,2017,,,,,,,,,,,,,,,,,,
Luxembourg,102,29.04,2017,,,,,,,,,,,,,,,,,,
Israel,103,29.01,2017,,,,,,,,,,,,,,,,,,
Romania,104,27.95,2017,,,,,,,,,,,,,,,,,,
Croatia,105,27.8,2017,,,,,,,,,,,,,,,,,,
Iceland,106,27.49,2017,,,,,,,,,,,,,,,,,,
Armenia,107,27.08,2017,,,,,,,,,,,,,,,,,,
Azerbaijan,108,27.05,2017,,,,,,,,,,,,,,,,,,
South Korea,109,25.27,2017,,,,,,,,,,,,,,,,,,
Finland,110,24.63,2017,,,,,,,,,,,,,,,,,,
Oman,111,24.47,2017,,,,,,,,,,,,,,,,,,
Slovenia,112,24.05,2017,,,,,,,,,,,,,,,,,,
Saudi Arabia,113,23.65,2017,,,,,,,,,,,,,,,,,,
Estonia,114,23,2017,,,,,,,,,,,,,,,,,,
Switzerland,115,22.45,2017,,,,,,,,,,,,,,,,,,
Belarus,116,22.26,2017,,,,,,,,,,,,,,,,,,
Denmark,117,21.13,2017,,,,,,,,,,,,,,,,,,
Japan,118,20.89,2017,,,,,,,,,,,,,,,,,,
Georgia,119,20.83,2017,,,,,,,,,,,,,,,,,,
Hong Kong,120,20.68,2017,,,,,,,,,,,,,,,,,,
United Arab Emirates,121,20.66,2017,,,,,,,,,,,,,,,,,,
Austria,122,19.25,2017,,,,,,,,,,,,,,,,,,
Taiwan,123,17.24,2017,,,,,,,,,,,,,,,,,,
Singapore,124,16.58,2017,,,,,,,,,,,,,,,,,,
Qatar,125,15.7,2017,,,,,,,,,,,,,,,,,,
,,,,,,,,,,,,,,,,,,,,,
Venezuela,1,82.59,2018,,,,,,,,,,,,,,,,,,
Papua New Guinea,2,79.95,2018,,,,,,,,,,,,,,,,,,
Honduras,3,78.89,2018,,,,,,,,,,,,,,,,,,
South Africa,4,75.71,2018,,,,,,,,,,,,,,,,,,
Trinidad And Tobago,5,72.22,2018,,,,,,,,,,,,,,,,,,
Brazil,6,70.55,2018,,,,,,,,,,,,,,,,,,
El Salvador,7,69.72,2018,,,,,,,,,,,,,,,,,,
Bangladesh,8,68.52,2018,,,,,,,,,,,,,,,,,,
Namibia,9,68.22,2018,,,,,,,,,,,,,,,,,,
Syria,10,67.74,2018,,,,,,,,,,,,,,,,,,
Jamaica,11,66.87,2018,,,,,,,,,,,,,,,,,,
Puerto Rico,12,64.94,2018,,,,,,,,,,,,,,,,,,
Peru,13,63.91,2018,,,,,,,,,,,,,,,,,,
Nigeria,14,63.12,2018,,,,,,,,,,,,,,,,,,
Malaysia,15,63.05,2018,,,,,,,,,,,,,,,,,,
Mongolia,16,62.56,2018,,,,,,,,,,,,,,,,,,
Argentina,17,61.79,2018,,,,,,,,,,,,,,,,,,
Dominican Republic,18,61.53,2018,,,,,,,,,,,,,,,,,,
Tanzania,19,59.83,2018,,,,,,,,,,,,,,,,,,
Kenya,20,59.77,2018,,,,,,,,,,,,,,,,,,
Guatemala,21,59.35,2018,,,,,,,,,,,,,,,,,,
Libya,22,56.74,2018,,,,,,,,,,,,,,,,,,
Zimbabwe,23,54.56,2018,,,,,,,,,,,,,,,,,,
Cambodia,24,54.38,2018,,,,,,,,,,,,,,,,,,
Costa Rica,25,53.89,2018,,,,,,,,,,,,,,,,,,
Egypt,26,53.72,2018,,,,,,,,,,,,,,,,,,
Bolivia,27,52.89,2018,,,,,,,,,,,,,,,,,,
Vietnam,28,52.22,2018,,,,,,,,,,,,,,,,,,
Uruguay,29,51.83,2018,,,,,,,,,,,,,,,,,,
Maldives,30,51.7,2018,,,,,,,,,,,,,,,,,,
Pakistan,31,51.23,2018,,,,,,,,,,,,,,,,,,
Mexico,32,51.05,2018,,,,,,,,,,,,,,,,,,
Algeria,33,50.68,2018,,,,,,,,,,,,,,,,,,
Colombia,34,50.66,2018,,,,,,,,,,,,,,,,,,
United States,35,49.58,2018,,,,,,,,,,,,,,,,,,
Iran,36,49.4,2018,,,,,,,,,,,,,,,,,,
Ukraine,37,49.39,2018,,,,,,,,,,,,,,,,,,
Sweden,38,49.26,2018,,,,,,,,,,,,,,,,,,
Ecuador,39,49.18,2018,,,,,,,,,,,,,,,,,,
Lebanon,40,49.16,2018,,,,,,,,,,,,,,,,,,
Kazakhstan,41,49.15,2018,,,,,,,,,,,,,,,,,,
Morocco,42,48.51,2018,,,,,,,,,,,,,,,,,,
Panama,43,48.35,2018,,,,,,,,,,,,,,,,,,
Mauritius,44,48.31,2018,,,,,,,,,,,,,,,,,,
Ethiopia,45,47.67,2018,,,,,,,,,,,,,,,,,,
Thailand,46,47.25,2018,,,,,,,,,,,,,,,,,,
Chile,47,46.48,2018,,,,,,,,,,,,,,,,,,
Moldova,48,45.66,2018,,,,,,,,,,,,,,,,,,
France,49,45.29,2018,,,,,,,,,,,,,,,,,,
Russia,50,45.2,2018,,,,,,,,,,,,,,,,,,
Ghana,51,45,2018,,,,,,,,,,,,,,,,,,
Indonesia,52,44.72,2018,,,,,,,,,,,,,,,,,,
Jordan,53,44.55,2018,,,,,,,,,,,,,,,,,,
Italy,54,44.53,2018,,,,,,,,,,,,,,,,,,
India,55,44.16,2018,,,,,,,,,,,,,,,,,,
Ireland,56,43.82,2018,,,,,,,,,,,,,,,,,,
Iraq,57,43.34,2018,,,,,,,,,,,,,,,,,,
Norway,58,43.33,2018,,,,,,,,,,,,,,,,,,
Australia,59,42.55,2018,,,,,,,,,,,,,,,,,,
Belgium,60,42.17,2018,,,,,,,,,,,,,,,,,,
Sri Lanka,61,41.75,2018,,,,,,,,,,,,,,,,,,
United Kingdom,62,41.2,2018,,,,,,,,,,,,,,,,,,
Turkey,63,41.06,2018,,,,,,,,,,,,,,,,,,
Tunisia,64,40.43,2018,,,,,,,,,,,,,,,,,,
North Macedonia,65,40.21,2018,,,,,,,,,,,,,,,,,,
Philippines,66,40.13,2018,,,,,,,,,,,,,,,,,,
Bosnia And Herzegovina,67,40.05,2018,,,,,,,,,,,,,,,,,,
Albania,68,39.87,2018,,,,,,,,,,,,,,,,,,
Bulgaria,69,39.7,2018,,,,,,,,,,,,,,,,,,
Nepal,70,39.51,2018,,,,,,,,,,,,,,,,,,
China,71,39.44,2018,,,,,,,,,,,,,,,,,,
Canada,72,39.28,2018,,,,,,,,,,,,,,,,,,
New Zealand,73,39.15,2018,,,,,,,,,,,,,,,,,,
Greece,74,39.07,2018,,,,,,,,,,,,,,,,,,
Palestine,75,37.95,2018,,,,,,,,,,,,,,,,,,
Serbia,76,37.76,2018,,,,,,,,,,,,,,,,,,
Lithuania,77,37.59,2018,,,,,,,,,,,,,,,,,,
Montenegro,78,37.51,2018,,,,,,,,,,,,,,,,,,
Kuwait,79,37.03,2018,,,,,,,,,,,,,,,,,,
Bahrain,80,36.96,2018,,,,,,,,,,,,,,,,,,
Israel,81,36.9,2018,,,,,,,,,,,,,,,,,,
Latvia,82,36.89,2018,,,,,,,,,,,,,,,,,,
Spain,83,36.74,2018,,,,,,,,,,,,,,,,,,
Saudi Arabia,84,36.69,2018,,,,,,,,,,,,,,,,,,
Germany,85,36.65,2018,,,,,,,,,,,,,,,,,,
Hungary,86,36.51,2018,,,,,,,,,,,,,,,,,,
Poland,87,36.23,2018,,,,,,,,,,,,,,,,,,
South Korea,88,35.83,2018,,,,,,,,,,,,,,,,,,
Portugal,89,34.54,2018,,,,,,,,,,,,,,,,,,
Luxembourg,90,32.12,2018,,,,,,,,,,,,,,,,,,
Malta,91,31.93,2018,,,,,,,,,,,,,,,,,,
Azerbaijan,92,30.52,2018,,,,,,,,,,,,,,,,,,
Cyprus,93,30.18,2018,,,,,,,,,,,,,,,,,,
Slovakia,94,30.15,2018,,,,,,,,,,,,,,,,,,
Romania,95,29.04,2018,,,,,,,,,,,,,,,,,,
Netherlands,96,28.94,2018,,,,,,,,,,,,,,,,,,
Czech Republic,97,28.81,2018,,,,,,,,,,,,,,,,,,
Armenia,98,28.28,2018,,,,,,,,,,,,,,,,,,
Oman,99,27.37,2018,,,,,,,,,,,,,,,,,,
Croatia,100,27,2018,,,,,,,,,,,,,,,,,,
Belarus,101,26.55,2018,,,,,,,,,,,,,,,,,,
Slovenia,102,24.71,2018,,,,,,,,,,,,,,,,,,
Iceland,103,24.49,2018,,,,,,,,,,,,,,,,,,
Finland,104,23.7,2018,,,,,,,,,,,,,,,,,,
Denmark,105,22.02,2018,,,,,,,,,,,,,,,,,,
Switzerland,106,21.76,2018,,,,,,,,,,,,,,,,,,
Hong Kong,107,20.9,2018,,,,,,,,,,,,,,,,,,
Estonia,108,20.83,2018,,,,,,,,,,,,,,,,,,
Taiwan,109,20.74,2018,,,,,,,,,,,,,,,,,,
Austria,110,20.41,2018,,,,,,,,,,,,,,,,,,
Georgia,111,20.35,2018,,,,,,,,,,,,,,,,,,
United Arab Emirates,112,18.75,2018,,,,,,,,,,,,,,,,,,
Singapore,113,16.23,2018,,,,,,,,,,,,,,,,,,
Qatar,114,15.7,2018,,,,,,,,,,,,,,,,,,
Japan,115,13.1,2018,,,,,,,,,,,,,,,,,,
,,,,,,,,,,,,,,,,,,,,,
Venezuela,1,83.23,2019,,,,,,,,,,,,,,,,,,
Papua New Guinea,2,79.88,2019,,,,,,,,,,,,,,,,,,
Honduras,3,76.84,2019,,,,,,,,,,,,,,,,,,
South Africa,4,76.8,2019,,,,,,,,,,,,,,,,,,
Afghanistan,5,76.63,2019,,,,,,,,,,,,,,,,,,
Trinidad And Tobago,6,74.04,2019,,,,,,,,,,,,,,,,,,
Brazil,7,70.24,2019,,,,,,,,,,,,,,,,,,
Namibia,8,68.66,2019,,,,,,,,,,,,,,,,,,
El Salvador,9,68.08,2019,,,,,,,,,,,,,,,,,,
Kazakhstan,10,66.51,2019,,,,,,,,,,,,,,,,,,
Bangladesh,11,65.82,2019,,,,,,,,,,,,,,,,,,
Puerto Rico,12,65.53,2019,,,,,,,,,,,,,,,,,,
Peru,13,65.28,2019,,,,,,,,,,,,,,,,,,
Jamaica,14,65.28,2019,,,,,,,,,,,,,,,,,,
Nigeria,15,64.41,2019,,,,,,,,,,,,,,,,,,
Syria,16,63.59,2019,,,,,,,,,,,,,,,,,,
Argentina,17,62.55,2019,,,,,,,,,,,,,,,,,,
Dominican Republic,18,61.35,2019,,,,,,,,,,,,,,,,,,
Malaysia,19,60.79,2019,,,,,,,,,,,,,,,,,,
Somalia,20,60.1,2019,,,,,,,,,,,,,,,,,,
Mongolia,21,59.76,2019,,,,,,,,,,,,,,,,,,
Libya,22,59.18,2019,,,,,,,,,,,,,,,,,,
Tanzania,23,59.01,2019,,,,,,,,,,,,,,,,,,
Costa Rica,24,56.05,2019,,,,,,,,,,,,,,,,,,
Guatemala,25,55.92,2019,,,,,,,,,,,,,,,,,,
Kenya,26,54.82,2019,,,,,,,,,,,,,,,,,,
Maldives,27,53.29,2019,,,,,,,,,,,,,,,,,,
Bolivia,28,53.29,2019,,,,,,,,,,,,,,,,,,
Uganda,29,53.27,2019,,,,,,,,,,,,,,,,,,
Mexico,30,52.3,2019,,,,,,,,,,,,,,,,,,
Uruguay,31,52.01,2019,,,,,,,,,,,,,,,,,,
Ghana,32,51.95,2019,,,,,,,,,,,,,,,,,,
Zimbabwe,33,51.8,2019,,,,,,,,,,,,,,,,,,
Cambodia,34,51.28,2019,,,,,,,,,,,,,,,,,,
Colombia,35,51.26,2019,,,,,,,,,,,,,,,,,,
Egypt,36,50.71,2019,,,,,,,,,,,,,,,,,,
Morocco,37,50.24,2019,,,,,,,,,,,,,,,,,,
Sweden,38,49.35,2019,,,,,,,,,,,,,,,,,,
Iran,39,49.33,2019,,,,,,,,,,,,,,,,,,
Ecuador,40,48.98,2019,,,,,,,,,,,,,,,,,,
Ukraine,41,48.88,2019,,,,,,,,,,,,,,,,,,
Vietnam,42,48.78,2019,,,,,,,,,,,,,,,,,,
Algeria,43,48.33,2019,,,,,,,,,,,,,,,,,,
Ethiopia,44,47.18,2019,,,,,,,,,,,,,,,,,,
United States,45,47.13,2019,,,,,,,,,,,,,,,,,,
Chile,46,46.81,2019,,,,,,,,,,,,,,,,,,
Mauritius,47,46.81,2019,,,,,,,,,,,,,,,,,,
Pakistan,48,46.73,2019,,,,,,,,,,,,,,,,,,
Thailand,49,46.66,2019,,,,,,,,,,,,,,,,,,
Panama,50,46.43,2019,,,,,,,,,,,,,,,,,,
France,51,46.39,2019,,,,,,,,,,,,,,,,,,
Indonesia,52,46.01,2019,,,,,,,,,,,,,,,,,,
Iraq,53,45.56,2019,,,,,,,,,,,,,,,,,,
China,54,45.46,2019,,,,,,,,,,,,,,,,,,
Moldova,55,45.45,2019,,,,,,,,,,,,,,,,,,
Italy,56,45.02,2019,,,,,,,,,,,,,,,,,,
Ireland,57,44.52,2019,,,,,,,,,,,,,,,,,,
Lebanon,58,44.27,2019,,,,,,,,,,,,,,,,,,
Jordan,59,43.82,2019,,,,,,,,,,,,,,,,,,
Bosnia And Herzegovina,60,43.79,2019,,,,,,,,,,,,,,,,,,
Australia,61,42.76,2019,,,,,,,,,,,,,,,,,,
United Kingdom,62,42.72,2019,,,,,,,,,,,,,,,,,,
India,63,42.72,2019,,,,,,,,,,,,,,,,,,
Belgium,64,42.46,2019,,,,,,,,,,,,,,,,,,
Tunisia,65,42.29,2019,,,,,,,,,,,,,,,,,,
Russia,66,41.93,2019,,,,,,,,,,,,,,,,,,
Sri Lanka,67,41.03,2019,,,,,,,,,,,,,,,,,,
Philippines,68,40.83,2019,,,,,,,,,,,,,,,,,,
Montenegro,69,40.48,2019,,,,,,,,,,,,,,,,,,
Turkey,70,40.38,2019,,,,,,,,,,,,,,,,,,
Albania,71,40.3,2019,,,,,,,,,,,,,,,,,,
Bulgaria,72,40,2019,,,,,,,,,,,,,,,,,,
New Zealand,73,39.55,2019,,,,,,,,,,,,,,,,,,
Canada,74,39.51,2019,,,,,,,,,,,,,,,,,,
North Macedonia,75,39.29,2019,,,,,,,,,,,,,,,,,,
Greece,76,38.57,2019,,,,,,,,,,,,,,,,,,
Serbia,77,37.27,2019,,,,,,,,,,,,,,,,,,
Palestine,78,36.99,2019,,,,,,,,,,,,,,,,,,
Latvia,79,36.77,2019,,,,,,,,,,,,,,,,,,
Lithuania,80,36.51,2019,,,,,,,,,,,,,,,,,,
Nepal,81,36.44,2019,,,,,,,,,,,,,,,,,,
Norway,82,35.32,2019,,,,,,,,,,,,,,,,,,
Hungary,83,35.17,2019,,,,,,,,,,,,,,,,,,
Germany,84,34.51,2019,,,,,,,,,,,,,,,,,,
South Korea,85,34.05,2019,,,,,,,,,,,,,,,,,,
Kuwait,86,33.91,2019,,,,,,,,,,,,,,,,,,
Malta,87,33.53,2019,,,,,,,,,,,,,,,,,,
Bahrain,88,32.87,2019,,,,,,,,,,,,,,,,,,
Spain,89,32.46,2019,,,,,,,,,,,,,,,,,,
Israel,90,32.16,2019,,,,,,,,,,,,,,,,,,
Portugal,91,32.13,2019,,,,,,,,,,,,,,,,,,
Azerbaijan,92,31.67,2019,,,,,,,,,,,,,,,,,,
Poland,93,30.09,2019,,,,,,,,,,,,,,,,,,
Saudi Arabia,94,29.73,2019,,,,,,,,,,,,,,,,,,
Slovakia,95,29.54,2019,,,,,,,,,,,,,,,,,,
Cyprus,96,29.31,2019,,,,,,,,,,,,,,,,,,
Luxembourg,97,29.07,2019,,,,,,,,,,,,,,,,,,
Netherlands,98,28.57,2019,,,,,,,,,,,,,,,,,,
Romania,99,27.84,2019,,,,,,,,,,,,,,,,,,
Czech Republic,100,26.66,2019,,,,,,,,,,,,,,,,,,
Croatia,101,24.69,2019,,,,,,,,,,,,,,,,,,
Denmark,102,24.25,2019,,,,,,,,,,,,,,,,,,
Belarus,103,23.53,2019,,,,,,,,,,,,,,,,,,
Iceland,104,23.28,2019,,,,,,,,,,,,,,,,,,
Oman,105,22.83,2019,,,,,,,,,,,,,,,,,,
Finland,106,22.8,2019,,,,,,,,,,,,,,,,,,
Slovenia,107,22.57,2019,,,,,,,,,,,,,,,,,,
Armenia,108,22,2019,,,,,,,,,,,,,,,,,,
Switzerland,109,21.5,2019,,,,,,,,,,,,,,,,,,
Singapore,110,21.47,2019,,,,,,,,,,,,,,,,,,
Austria,111,21.37,2019,,,,,,,,,,,,,,,,,,
Estonia,112,20.8,2019,,,,,,,,,,,,,,,,,,
Georgia,113,19.86,2019,,,,,,,,,,,,,,,,,,
Hong Kong,114,19.32,2019,,,,,,,,,,,,,,,,,,
Taiwan,115,17.38,2019,,,,,,,,,,,,,,,,,,
United Arab Emirates,116,16.32,2019,,,,,,,,,,,,,,,,,,
Japan,117,13.73,2019,,,,,,,,,,,,,,,,,,
Qatar,118,13.26,2019,,,,,,,,,,,,,,,,,,
,,,,,,,,,,,,,,,,,,,,,
Venezuela,1,84.49,2020,,,,,,,,,,,,,,,,,,
Papua New Guinea,2,81.93,2020,,,,,,,,,,,,,,,,,,
South Africa,3,77.49,2020,,,,,,,,,,,,,,,,,,
Afghanistan,4,76.23,2020,,,,,,,,,,,,,,,,,,
Honduras,5,76.11,2020,,,,,,,,,,,,,,,,,,
Trinidad And Tobago,6,73.19,2020,,,,,,,,,,,,,,,,,,
Brazil,7,68.88,2020,,,,,,,,,,,,,,,,,,
Peru,8,68.15,2020,,,,,,,,,,,,,,,,,,
El Salvador,9,67.96,2020,,,,,,,,,,,,,,,,,,
Guyana,10,67.66,2020,,,,,,,,,,,,,,,,,,
Namibia,11,67.21,2020,,,,,,,,,,,,,,,,,,
Syria,12,66.46,2020,,,,,,,,,,,,,,,,,,
Jamaica,13,66.04,2020,,,,,,,,,,,,,,,,,,
Puerto Rico,14,65.63,2020,,,,,,,,,,,,,,,,,,
Angola,15,64.97,2020,,,,,,,,,,,,,,,,,,
Bangladesh,16,63.94,2020,,,,,,,,,,,,,,,,,,
Nigeria,17,63.77,2020,,,,,,,,,,,,,,,,,,
Bahamas,18,62.86,2020,,,,,,,,,,,,,,,,,,
Libya,19,62.19,2020,,,,,,,,,,,,,,,,,,
Kazakhstan,20,62.02,2020,,,,,,,,,,,,,,,,,,
Argentina,21,61.77,2020,,,,,,,,,,,,,,,,,,
Kenya,22,61.66,2020,,,,,,,,,,,,,,,,,,
Dominican Republic,23,61.16,2020,,,,,,,,,,,,,,,,,,
Uganda,24,59,2020,,,,,,,,,,,,,,,,,,
Tanzania,25,58.95,2020,,,,,,,,,,,,,,,,,,
Fiji,26,58.92,2020,,,,,,,,,,,,,,,,,,
Malaysia,27,58.84,2020,,,,,,,,,,,,,,,,,,
Somalia,28,58.5,2020,,,,,,,,,,,,,,,,,,
Mongolia,29,57.97,2020,,,,,,,,,,,,,,,,,,
Guatemala,30,57.83,2020,,,,,,,,,,,,,,,,,,
Zimbabwe,31,57.47,2020,,,,,,,,,,,,,,,,,,
Costa Rica,32,56.33,2020,,,,,,,,,,,,,,,,,,
Colombia,33,54.79,2020,,,,,,,,,,,,,,,,,,
Mexico,34,53.97,2020,,,,,,,,,,,,,,,,,,
Uruguay,35,53.81,2020,,,,,,,,,,,,,,,,,,
Botswana,36,53.49,2020,,,,,,,,,,,,,,,,,,
Maldives,37,53.21,2020,,,,,,,,,,,,,,,,,,
Bolivia,38,52.93,2020,,,,,,,,,,,,,,,,,,
Ecuador,39,50.9,2020,,,,,,,,,,,,,,,,,,
Cambodia,40,50.66,2020,,,,,,,,,,,,,,,,,,
Algeria,41,49.81,2020,,,,,,,,,,,,,,,,,,
Paraguay,42,49.6,2020,,,,,,,,,,,,,,,,,,
Iran,43,49.25,2020,,,,,,,,,,,,,,,,,,
Ethiopia,44,49.21,2020,,,,,,,,,,,,,,,,,,
Ghana,45,48.97,2020,,,,,,,,,,,,,,,,,,
Ukraine,46,48.85,2020,,,,,,,,,,,,,,,,,,
Morocco,47,48.69,2020,,,,,,,,,,,,,,,,,,
Iraq,48,47.78,2020,,,,,,,,,,,,,,,,,,
Mauritius,49,47.33,2020,,,,,,,,,,,,,,,,,,
United States,50,47.2,2020,,,,,,,,,,,,,,,,,,
Panama,51,47.19,2020,,,,,,,,,,,,,,,,,,
Sweden,52,47.07,2020,,,,,,,,,,,,,,,,,,
Egypt,53,46.92,2020,,,,,,,,,,,,,,,,,,
France,54,46.79,2020,,,,,,,,,,,,,,,,,,
Myanmar,55,45.86,2020,,,,,,,,,,,,,,,,,,
Indonesia,56,45.84,2020,,,,,,,,,,,,,,,,,,
Ireland,57,45.43,2020,,,,,,,,,,,,,,,,,,
Vietnam,58,45.35,2020,,,,,,,,,,,,,,,,,,
Chile,59,45.23,2020,,,,,,,,,,,,,,,,,,
Moldova,60,44.98,2020,,,,,,,,,,,,,,,,,,
Nicaragua,61,44.44,2020,,,,,,,,,,,,,,,,,,
Italy,62,44.26,2020,,,,,,,,,,,,,,,,,,
Pakistan,63,44.08,2020,,,,,,,,,,,,,,,,,,
Belgium,64,43.98,2020,,,,,,,,,,,,,,,,,,
United Kingdom,65,43.71,2020,,,,,,,,,,,,,,,,,,
Palestine,66,43.59,2020,,,,,,,,,,,,,,,,,,
Lebanon,67,43.36,2020,,,,,,,,,,,,,,,,,,
India,68,43.32,2020,,,,,,,,,,,,,,,,,,
Bosnia And Herzegovina,69,43.03,2020,,,,,,,,,,,,,,,,,,
Philippines,70,42.16,2020,,,,,,,,,,,,,,,,,,
Tunisia,71,41.88,2020,,,,,,,,,,,,,,,,,,
Australia,72,41.36,2020,,,,,,,,,,,,,,,,,,
Montenegro,73,41.18,2020,,,,,,,,,,,,,,,,,,
Russia,74,41.12,2020,,,,,,,,,,,,,,,,,,
New Zealand,75,40.93,2020,,,,,,,,,,,,,,,,,,
Jordan,76,40.83,2020,,,,,,,,,,,,,,,,,,
Thailand,77,40.48,2020,,,,,,,,,,,,,,,,,,
Greece,78,40.32,2020,,,,,,,,,,,,,,,,,,
Sri Lanka,79,40.22,2020,,,,,,,,,,,,,,,,,,
Canada,80,39.67,2020,,,,,,,,,,,,,,,,,,
Albania,81,39.52,2020,,,,,,,,,,,,,,,,,,
Turkey,82,39.49,2020,,,,,,,,,,,,,,,,,,
Malta,83,39.04,2020,,,,,,,,,,,,,,,,,,
North Macedonia,84,38.67,2020,,,,,,,,,,,,,,,,,,
Bulgaria,85,38.5,2020,,,,,,,,,,,,,,,,,,
Serbia,86,37.41,2020,,,,,,,,,,,,,,,,,,
Latvia,87,36.95,2020,,,,,,,,,,,,,,,,,,
Norway,88,35.43,2020,,,,,,,,,,,,,,,,,,
Hungary,89,35.08,2020,,,,,,,,,,,,,,,,,,
Germany,90,34.81,2020,,,,,,,,,,,,,,,,,,
Kuwait,91,34.75,2020,,,,,,,,,,,,,,,,,,
Nepal,92,34.56,2020,,,,,,,,,,,,,,,,,,
Luxembourg,93,33.39,2020,,,,,,,,,,,,,,,,,,
Lithuania,94,33.06,2020,,,,,,,,,,,,,,,,,,
Kosovo (Disputed Territory),95,32.91,2020,,,,,,,,,,,,,,,,,,
Spain,96,31.96,2020,,,,,,,,,,,,,,,,,,
China,97,31.83,2020,,,,,,,,,,,,,,,,,,
Azerbaijan,98,31.61,2020,,,,,,,,,,,,,,,,,,
Singapore,99,30.57,2020,,,,,,,,,,,,,,,,,,
Cyprus,100,30.01,2020,,,,,,,,,,,,,,,,,,
Portugal,101,29.63,2020,,,,,,,,,,,,,,,,,,
Israel,102,29.6,2020,,,,,,,,,,,,,,,,,,
Bahrain,103,29.29,2020,,,,,,,,,,,,,,,,,,
Slovakia,104,29.22,2020,,,,,,,,,,,,,,,,,,
Poland,105,28.5,2020,,,,,,,,,,,,,,,,,,
South Korea,106,28.02,2020,,,,,,,,,,,,,,,,,,
Brunei,107,27.68,2020,,,,,,,,,,,,,,,,,,
Romania,108,27.64,2020,,,,,,,,,,,,,,,,,,
Netherlands,109,27.62,2020,,,,,,,,,,,,,,,,,,
Cuba,110,27.45,2020,,,,,,,,,,,,,,,,,,
Saudi Arabia,111,26.18,2020,,,,,,,,,,,,,,,,,,
Czech Republic,112,25.52,2020,,,,,,,,,,,,,,,,,,
Denmark,113,25.1,2020,,,,,,,,,,,,,,,,,,
Belarus,114,24.99,2020,,,,,,,,,,,,,,,,,,
Croatia,115,24.71,2020,,,,,,,,,,,,,,,,,,
Austria,116,23.73,2020,,,,,,,,,,,,,,,,,,
Iceland,117,23.36,2020,,,,,,,,,,,,,,,,,,
Finland,118,23.32,2020,,,,,,,,,,,,,,,,,,
Estonia,119,23.14,2020,,,,,,,,,,,,,,,,,,
Armenia,120,21.6,2020,,,,,,,,,,,,,,,,,,
Switzerland,121,21.6,2020,,,,,,,,,,,,,,,,,,
Slovenia,122,21.07,2020,,,,,,,,,,,,,,,,,,
Oman,123,20.79,2020,,,,,,,,,,,,,,,,,,
Hong Kong,124,20.7,2020,,,,,,,,,,,,,,,,,,
Japan,125,20.66,2020,,,,,,,,,,,,,,,,,,
Georgia,126,20.21,2020,,,,,,,,,,,,,,,,,,
United Arab Emirates,127,15.7,2020,,,,,,,,,,,,,,,,,,
Taiwan,128,15.65,2020,,,,,,,,,,,,,,,,,,
Qatar,129,11.86,2020,,,,,,,,,,,,,,,,,,
