Data Source,World Development Indicators,,,,,,,,,,,,,,,,,,,,,,,,
,,,,,,,,,,,,,,,,,,,,,,,,,
Last Updated Date,5/19/2020,,,,,,,,,,,,,,,,,,,,,,,,
,,,,,,,,,,,,,,,,,,,,,,,,,
Country Name,Country Code,Indicator Name,Indicator Code,2000,2001,2002,2003,2004,2005,2006,2007,2008,2009,2010,2011,2012,2013,2014,2015,2016,2017,2018,2019,CAGR,
Aruba,ABW,"Fertility rate, total (births per woman)",SP.DYN.TFRT.IN,1.872,1.846,1.823,1.803,1.787,1.774,1.765,1.76,1.759,1.761,1.768,1.779,1.795,1.813,1.834,1.854,1.872,1.886,1.896,1.909,0.67%,
Afghanistan,AFG,"Fertility rate, total (births per woman)",SP.DYN.TFRT.IN,7.485,7.387,7.272,7.148,7.016,6.875,6.722,6.555,6.373,6.18,5.977,5.77,5.562,5.359,5.163,4.976,4.8,4.633,4.473,4.346,-2.83%,
Angola,AGO,"Fertility rate, total (births per woman)",SP.DYN.TFRT.IN,6.639,6.601,6.567,6.533,6.499,6.461,6.419,6.372,6.32,6.26,6.194,6.12,6.039,5.953,5.864,5.774,5.686,5.6,5.519,5.452,-1.21%,
Albania,ALB,"Fertility rate, total (births per woman)",SP.DYN.TFRT.IN,2.157,2.068,1.981,1.897,1.821,1.755,1.704,1.671,1.654,1.652,1.66,1.673,1.684,1.69,1.688,1.677,1.659,1.638,1.617,1.603,-0.86%,
Andorra,AND,"Fertility rate, total (births per woman)",SP.DYN.TFRT.IN,,,,,,,1.24,1.18,1.25,1.19,1.27,,,,,,,,,,,
Arab World,ARB,"Fertility rate, total (births per woman)",SP.DYN.TFRT.IN,3.845712512,3.760436808,3.68728068,3.626459898,3.576135504,3.537575873,3.508948179,3.491093749,3.480700569,3.475024451,3.47038388,3.463100139,3.450653635,3.430463779,3.402058688,3.365221092,3.322465339,3.276553247,3.231091163,3.198,-1.03%,
United Arab Emirates,ARE,"Fertility rate, total (births per woman)",SP.DYN.TFRT.IN,2.644,2.533,2.432,2.337,2.247,2.161,2.081,2.006,1.939,1.877,1.819,1.763,1.708,1.651,1.595,1.541,1.491,1.448,1.413,1.379,-2.39%,
Argentina,ARG,"Fertility rate, total (births per woman)",SP.DYN.TFRT.IN,2.542,2.512,2.486,2.461,2.438,2.416,2.397,2.38,2.366,2.355,2.346,2.338,2.33,2.322,2.312,2.301,2.288,2.275,2.261,2.251,-0.45%,
Armenia,ARM,"Fertility rate, total (births per woman)",SP.DYN.TFRT.IN,1.648,1.634,1.635,1.645,1.659,1.675,1.69,1.702,1.712,1.719,1.722,1.724,1.725,1.728,1.732,1.738,1.744,1.75,1.755,1.760,0.26%,
American Samoa,ASM,"Fertility rate, total (births per woman)",SP.DYN.TFRT.IN,,,,,,,,,,,,,,,,,,,,,,
Antigua and Barbuda,ATG,"Fertility rate, total (births per woman)",SP.DYN.TFRT.IN,2.2,2.187,2.166,2.14,2.109,2.077,2.048,2.023,2.005,1.993,1.988,1.989,1.993,1.998,2.001,2.003,2.003,1.999,1.994,1.993,-0.07%,
Australia,AUS,"Fertility rate, total (births per woman)",SP.DYN.TFRT.IN,1.756,1.739,1.756,1.748,1.768,1.807,1.908,1.959,1.984,1.971,1.928,1.926,1.92,1.855,1.826,1.814,1.752,1.741,1.74,1.723,-0.96%,
Austria,AUT,"Fertility rate, total (births per woman)",SP.DYN.TFRT.IN,1.36,1.33,1.39,1.38,1.42,1.41,1.41,1.38,1.42,1.39,1.44,1.43,1.44,1.44,1.46,1.49,1.53,1.52,1.47,1.472,0.14%,
Azerbaijan,AZE,"Fertility rate, total (births per woman)",SP.DYN.TFRT.IN,2,1.8,1.8,1.9,2.0535,2,1.97,1.97,1.9,1.82,1.92,1.96,2,1.98,1.97,1.94,1.9,1.75,1.73,1.686,-2.56%,
Burundi,BDI,"Fertility rate, total (births per woman)",SP.DYN.TFRT.IN,6.92,6.862,6.801,6.736,6.666,6.593,6.515,6.435,6.352,6.267,6.179,6.088,5.994,5.897,5.797,5.697,5.599,5.502,5.41,5.336,-1.37%,
Belgium,BEL,"Fertility rate, total (births per woman)",SP.DYN.TFRT.IN,1.67,1.67,1.65,1.67,1.72,1.76,1.8,1.82,1.85,1.84,1.86,1.81,1.8,1.76,1.74,1.7,1.68,1.65,1.62,1.597,-1.42%,
Benin,BEN,"Fertility rate, total (births per woman)",SP.DYN.TFRT.IN,5.962,5.889,5.82,5.754,5.691,5.632,5.576,5.522,5.469,5.416,5.362,5.305,5.246,5.183,5.116,5.047,4.977,4.906,4.836,4.782,-1.12%,
Burkina Faso,BFA,"Fertility rate, total (births per woman)",SP.DYN.TFRT.IN,6.592,6.531,6.468,6.403,6.335,6.265,6.192,6.116,6.036,5.953,5.867,5.781,5.693,5.606,5.521,5.436,5.353,5.271,5.189,5.125,-1.23%,
Bangladesh,BGD,"Fertility rate, total (births per woman)",SP.DYN.TFRT.IN,3.169,3.07,2.973,2.876,2.782,2.691,2.604,2.523,2.449,2.382,2.324,2.273,2.228,2.188,2.152,2.12,2.09,2.062,2.036,2.014,-1.10%,
Bulgaria,BGR,"Fertility rate, total (births per woman)",SP.DYN.TFRT.IN,1.26,1.21,1.23,1.26,1.33,1.37,1.44,1.49,1.56,1.66,1.57,1.51,1.5,1.48,1.53,1.53,1.54,1.56,1.56,1.566,0.39%,
Bahrain,BHR,"Fertility rate, total (births per woman)",SP.DYN.TFRT.IN,2.795,2.731,2.663,2.59,2.514,2.436,2.363,2.297,2.241,2.197,2.164,2.139,2.118,2.098,2.078,2.056,2.033,2.01,1.987,1.969,-0.89%,
"Bahamas, The",BHS,"Fertility rate, total (births per woman)",SP.DYN.TFRT.IN,2.073,1.993,1.931,1.889,1.867,1.863,1.869,1.877,1.881,1.877,1.865,1.847,1.828,1.81,1.794,1.782,1.771,1.762,1.752,1.744,-0.47%,
Bosnia and Herzegovina,BIH,"Fertility rate, total (births per woman)",SP.DYN.TFRT.IN,1.497,1.432,1.374,1.33,1.301,1.288,1.288,1.295,1.303,1.311,1.315,1.315,1.313,1.309,1.303,1.296,1.286,1.276,1.265,1.258,-0.59%,
Belarus,BLR,"Fertility rate, total (births per woman)",SP.DYN.TFRT.IN,1.317,1.286,1.24,1.232,1.233,1.252,1.335,1.429,1.488,1.509,1.494,1.515,1.62,1.668,1.696,1.724,1.733,1.541,1.448,1.403,-3.11%,
Belize,BLZ,"Fertility rate, total (births per woman)",SP.DYN.TFRT.IN,3.601,3.497,3.392,3.286,3.18,3.077,2.98,2.893,2.816,2.749,2.69,2.638,2.588,2.539,2.489,2.439,2.391,2.346,2.307,2.272,-1.51%,
Bermuda,BMU,"Fertility rate, total (births per woman)",SP.DYN.TFRT.IN,1.74,1.75,1.77,1.8,1.78,1.76,1.76,1.76,1.77,1.76,1.76,1.59,1.59,1.63,1.63,1.62,1.61,1.6,1.6,1.594,-0.37%,
Bolivia,BOL,"Fertility rate, total (births per woman)",SP.DYN.TFRT.IN,4.051,3.969,3.885,3.798,3.71,3.621,3.533,3.447,3.364,3.287,3.213,3.143,3.076,3.01,2.947,2.886,2.829,2.777,2.73,2.689,-1.52%,
Brazil,BRA,"Fertility rate, total (births per woman)",SP.DYN.TFRT.IN,2.3,2.232,2.163,2.097,2.033,1.976,1.925,1.882,1.847,1.818,1.796,1.781,1.771,1.764,1.758,1.753,1.747,1.739,1.73,1.724,-0.32%,
Barbados,BRB,"Fertility rate, total (births per woman)",SP.DYN.TFRT.IN,1.775,1.785,1.793,1.797,1.795,1.788,1.775,1.757,1.735,1.711,1.687,1.665,1.645,1.63,1.62,1.614,1.613,1.615,1.619,1.619,-0.01%,
Brunei Darussalam,BRN,"Fertility rate, total (births per woman)",SP.DYN.TFRT.IN,2.346,2.284,2.22,2.154,2.086,2.022,1.969,1.933,1.918,1.921,1.937,1.957,1.973,1.978,1.969,1.947,1.915,1.881,1.848,1.825,-1.26%,
Bhutan,BTN,"Fertility rate, total (births per woman)",SP.DYN.TFRT.IN,3.515,3.342,3.183,3.037,2.906,2.788,2.679,2.577,2.48,2.387,2.301,2.224,2.159,2.107,2.067,2.037,2.014,1.994,1.975,1.957,-0.91%,
Botswana,BWA,"Fertility rate, total (births per woman)",SP.DYN.TFRT.IN,3.304,3.248,3.2,3.159,3.122,3.091,3.066,3.047,3.034,3.026,3.022,3.017,3.011,3.002,2.988,2.968,2.942,2.91,2.874,2.852,-0.77%,
Central African Republic,CAF,"Fertility rate, total (births per woman)",SP.DYN.TFRT.IN,5.5,5.48,5.459,5.436,5.411,5.383,5.353,5.322,5.289,5.254,5.215,5.172,5.123,5.068,5.007,4.941,4.87,4.796,4.721,4.666,-1.17%,
Canada,CAN,"Fertility rate, total (births per woman)",SP.DYN.TFRT.IN,1.488,1.5104,1.5014,1.5251,1.5258,1.5434,1.5862,1.6589,1.6808,1.668,1.6269,1.61,1.6142,1.587,1.5818,1.563,1.5433,1.4961,1.4988,1.483,-1.07%,
Central Europe and the Baltics,CEB,"Fertility rate, total (births per woman)",SP.DYN.TFRT.IN,1.317743134,1.27550928,1.253312738,1.25090051,1.276323019,1.312498576,1.341836063,1.38110912,1.466322171,1.490474803,1.465227979,1.396131967,1.415727636,1.387969817,1.443181764,1.461985364,1.521781191,1.567828625,1.574408668,1.602,1.76%,
Switzerland,CHE,"Fertility rate, total (births per woman)",SP.DYN.TFRT.IN,1.5,1.38,1.39,1.39,1.42,1.42,1.44,1.46,1.48,1.5,1.52,1.52,1.52,1.52,1.54,1.54,1.54,1.52,1.52,1.516,-0.26%,
Channel Islands,CHI,"Fertility rate, total (births per woman)",SP.DYN.TFRT.IN,1.526,1.508,1.496,1.492,1.496,1.509,1.527,1.547,1.564,1.578,1.585,1.586,1.58,1.569,1.556,1.541,1.527,1.516,1.51,1.501,-0.60%,
Chile,CHL,"Fertility rate, total (births per woman)",SP.DYN.TFRT.IN,2.055,2.009,1.972,1.943,1.923,1.909,1.901,1.898,1.895,1.892,1.884,1.87,1.849,1.821,1.787,1.75,1.713,1.678,1.649,1.623,-1.59%,
China,CHN,"Fertility rate, total (births per woman)",SP.DYN.TFRT.IN,1.596,1.597,1.6,1.604,1.608,1.612,1.615,1.617,1.62,1.623,1.627,1.632,1.639,1.647,1.656,1.665,1.675,1.683,1.69,1.697,0.41%,
Cote d'Ivoire,CIV,"Fertility rate, total (births per woman)",SP.DYN.TFRT.IN,5.87,5.793,5.713,5.63,5.545,5.46,5.376,5.296,5.221,5.152,5.088,5.029,4.974,4.92,4.867,4.813,4.759,4.704,4.649,4.607,-0.91%,
Cameroon,CMR,"Fertility rate, total (births per woman)",SP.DYN.TFRT.IN,5.58,5.524,5.475,5.431,5.39,5.35,5.309,5.266,5.219,5.167,5.111,5.049,4.984,4.916,4.847,4.777,4.708,4.639,4.572,4.519,-1.16%,
"Congo, Dem. Rep.",COD,"Fertility rate, total (births per woman)",SP.DYN.TFRT.IN,6.751,6.74,6.73,6.718,6.705,6.69,6.671,6.649,6.621,6.587,6.544,6.493,6.432,6.363,6.287,6.203,6.112,6.017,5.919,5.848,-1.20%,
"Congo, Rep.",COG,"Fertility rate, total (births per woman)",SP.DYN.TFRT.IN,4.871,4.862,4.854,4.846,4.838,4.829,4.82,4.81,4.798,4.784,4.765,4.742,4.712,4.676,4.634,4.587,4.536,4.482,4.428,4.388,-0.91%,
Colombia,COL,"Fertility rate, total (births per woman)",SP.DYN.TFRT.IN,2.572,2.516,2.458,2.395,2.33,2.263,2.198,2.137,2.081,2.033,1.992,1.958,1.93,1.905,1.883,1.863,1.843,1.825,1.807,1.792,-0.82%,
Comoros,COM,"Fertility rate, total (births per woman)",SP.DYN.TFRT.IN,5.384,5.307,5.235,5.167,5.103,5.042,4.984,4.927,4.87,4.813,4.754,4.693,4.628,4.561,4.491,4.419,4.347,4.275,4.205,4.150,-1.31%,
Cabo Verde,CPV,"Fertility rate, total (births per woman)",SP.DYN.TFRT.IN,3.539,3.399,3.271,3.151,3.038,2.933,2.839,2.757,2.687,2.629,2.581,2.539,2.5,2.463,2.425,2.385,2.346,2.309,2.274,2.245,-1.28%,
Costa Rica,CRI,"Fertility rate, total (births per woman)",SP.DYN.TFRT.IN,2.363,2.275,2.195,2.124,2.065,2.016,1.978,1.948,1.923,1.903,1.885,1.869,1.853,1.838,1.823,1.806,1.789,1.772,1.754,1.741,-0.77%,
Caribbean small states,CSS,"Fertility rate, total (births per woman)",SP.DYN.TFRT.IN,2.438238723,2.398840638,2.362127343,2.328841335,2.298368807,2.271421509,2.247182798,2.223960562,2.200827448,2.177000591,2.153183923,2.129432941,2.106452644,2.084479746,2.064269377,2.045250344,2.027645641,2.010752938,1.995133741,1.982,-0.68%,
Cuba,CUB,"Fertility rate, total (births per woman)",SP.DYN.TFRT.IN,1.603,1.598,1.59,1.583,1.576,1.573,1.576,1.586,1.602,1.624,1.647,1.668,1.683,1.689,1.686,1.674,1.656,1.637,1.618,1.605,-0.82%,
Curacao,CUW,"Fertility rate, total (births per woman)",SP.DYN.TFRT.IN,,,,,,,2.1,2,2.2,2.1,2.2,2.1,2.2,2.1,2,1.9,1.7,1.5,1.7,1.646,-3.20%,
Cayman Islands,CYM,"Fertility rate, total (births per woman)",SP.DYN.TFRT.IN,,,,,,,,,,,,,,,,,,,,,,
Cyprus,CYP,"Fertility rate, total (births per woman)",SP.DYN.TFRT.IN,1.716,1.66,1.614,1.576,1.545,1.52,1.498,1.479,1.461,1.443,1.424,1.406,1.39,1.376,1.364,1.354,1.345,1.337,1.329,1.322,-0.52%,
Czech Republic,CZE,"Fertility rate, total (births per woman)",SP.DYN.TFRT.IN,1.15,1.15,1.17,1.18,1.23,1.29,1.34,1.45,1.51,1.51,1.51,1.43,1.45,1.46,1.53,1.57,1.63,1.69,1.71,1.748,2.25%,
Germany,DEU,"Fertility rate, total (births per woman)",SP.DYN.TFRT.IN,1.38,1.35,1.34,1.34,1.36,1.34,1.33,1.37,1.38,1.36,1.39,1.39,1.41,1.42,1.47,1.5,1.6,1.57,1.57,1.591,1.32%,
Djibouti,DJI,"Fertility rate, total (births per woman)",SP.DYN.TFRT.IN,4.484,4.359,4.24,4.118,3.994,3.867,3.739,3.617,3.502,3.397,3.3,3.213,3.131,3.054,2.981,2.912,2.846,2.785,2.728,2.680,-1.76%,
Dominica,DMA,"Fertility rate, total (births per woman)",SP.DYN.TFRT.IN,,,1.9,1.9,,,,,,,,,,,,,,,,,,
Denmark,DNK,"Fertility rate, total (births per woman)",SP.DYN.TFRT.IN,1.77,1.74,1.72,1.76,1.78,1.8,1.85,1.84,1.89,1.84,1.87,1.75,1.73,1.67,1.69,1.71,1.79,1.75,1.73,1.738,0.47%,
Dominican Republic,DOM,"Fertility rate, total (births per woman)",SP.DYN.TFRT.IN,2.839,2.799,2.762,2.725,2.689,2.653,2.619,2.586,2.556,2.528,2.503,2.481,2.46,2.441,2.423,2.405,2.387,2.367,2.346,2.331,-0.64%,
Algeria,DZA,"Fertility rate, total (births per woman)",SP.DYN.TFRT.IN,2.514,2.438,2.403,2.405,2.438,2.496,2.569,2.649,2.728,2.799,2.86,2.909,2.952,2.99,3.022,3.043,3.052,3.045,3.023,3.023,0.01%,
East Asia & Pacific (excluding high income),EAP,"Fertility rate, total (births per woman)",SP.DYN.TFRT.IN,1.896443691,1.890001851,1.885434849,1.881637735,1.878544076,1.875995082,1.873517888,1.871054761,1.869892828,1.869092799,1.869019897,1.869387204,1.870698644,1.872175345,1.873666421,1.874993254,1.876299905,1.876524029,1.876543583,1.877,0.03%,
Early-demographic dividend,EAR,"Fertility rate, total (births per woman)",SP.DYN.TFRT.IN,3.342811218,3.276062094,3.213535669,3.151691152,3.094256786,3.036796116,2.981634603,2.929413886,2.877172246,2.823881876,2.772131999,2.723593906,2.679546289,2.64089428,2.605368157,2.572599161,2.541626293,2.513026079,2.485899668,2.463,-0.93%,
East Asia & Pacific,EAS,"Fertility rate, total (births per woman)",SP.DYN.TFRT.IN,1.850592774,1.835640265,1.827932183,1.822761196,1.819949377,1.814965639,1.818350728,1.821131967,1.820310095,1.818401058,1.819649139,1.82263956,1.828716079,1.825113972,1.827716086,1.831081638,1.829611266,1.825949415,1.823004187,1.822,-0.05%,
Europe & Central Asia (excluding high income),ECA,"Fertility rate, total (births per woman)",SP.DYN.TFRT.IN,1.642188137,1.632564695,1.661970223,1.671415815,1.703114773,1.675698955,1.70489043,1.773128081,1.844698008,1.85518647,1.852432652,1.849677496,1.904929132,1.920078534,1.957618989,1.974427388,1.963631097,1.894936712,1.879397834,1.864,-0.81%,
Europe & Central Asia,ECS,"Fertility rate, total (births per woman)",SP.DYN.TFRT.IN,1.556624035,1.542887774,1.555788715,1.569697271,1.598640988,1.5901593,1.620250348,1.664994873,1.722952352,1.721519365,1.728535899,1.713863025,1.739958168,1.730148687,1.757491231,1.764686615,1.770969213,1.729742592,1.710736388,1.702,-0.54%,
Ecuador,ECU,"Fertility rate, total (births per woman)",SP.DYN.TFRT.IN,3.102,3.037,2.972,2.911,2.853,2.8,2.753,2.711,2.675,2.643,2.615,2.59,2.567,2.544,2.522,2.499,2.475,2.451,2.427,2.408,-0.76%,
"Egypt, Arab Rep.",EGY,"Fertility rate, total (births per woman)",SP.DYN.TFRT.IN,3.34,3.253,3.173,3.106,3.052,3.019,3.013,3.037,3.085,3.154,3.233,3.311,3.377,3.421,3.441,3.436,3.41,3.37,3.326,3.303,-0.68%,
Euro area,EMU,"Fertility rate, total (births per woman)",SP.DYN.TFRT.IN,1.47089341,1.456742738,1.459446757,1.473767912,1.496320028,1.500341407,1.523665468,1.540724196,1.581154363,1.564450201,1.580367667,1.562092378,1.554409718,1.530457456,1.551378779,1.549776602,1.568996892,1.545477375,1.525677664,1.521,-0.33%,
Eritrea,ERI,"Fertility rate, total (births per woman)",SP.DYN.TFRT.IN,5.321,5.227,5.145,5.073,5.007,4.945,4.881,4.812,4.737,4.656,4.571,4.486,4.407,4.335,4.273,4.217,4.164,4.112,4.056,4.014,-1.04%,
Spain,ESP,"Fertility rate, total (births per woman)",SP.DYN.TFRT.IN,1.22,1.23,1.25,1.3,1.31,1.33,1.36,1.38,1.45,1.38,1.37,1.34,1.32,1.27,1.32,1.33,1.34,1.31,1.26,1.248,-0.93%,
Estonia,EST,"Fertility rate, total (births per woman)",SP.DYN.TFRT.IN,1.36,1.32,1.36,1.37,1.47,1.52,1.58,1.69,1.72,1.7,1.72,1.61,1.56,1.52,1.54,1.58,1.6,1.59,1.67,1.697,1.63%,
Ethiopia,ETH,"Fertility rate, total (births per woman)",SP.DYN.TFRT.IN,6.543,6.407,6.262,6.112,5.961,5.812,5.667,5.526,5.39,5.26,5.136,5.017,4.901,4.787,4.675,4.565,4.456,4.35,4.247,4.166,-1.90%,
European Union,EUU,"Fertility rate, total (births per woman)",SP.DYN.TFRT.IN,1.441287139,1.422973089,1.42115651,1.432436708,1.455968989,1.467912668,1.494461292,1.516472484,1.567082026,1.559627754,1.567309708,1.533534004,1.5332705,1.507338113,1.53528332,1.537246397,1.566146365,1.557486008,1.543452257,1.545,0.11%,
Fragile and conflict affected situations,FCS,"Fertility rate, total (births per woman)",SP.DYN.TFRT.IN,5.384950037,5.344325124,5.305692391,5.267917568,5.230222203,5.191994729,5.150609074,5.10885377,5.066440658,5.022839118,4.977447678,4.928033081,4.875782219,4.821352691,4.764772157,4.706621174,4.648280159,4.590391686,4.533128101,4.488,-0.99%,
Finland,FIN,"Fertility rate, total (births per woman)",SP.DYN.TFRT.IN,1.73,1.73,1.72,1.76,1.8,1.8,1.84,1.83,1.85,1.86,1.87,1.83,1.8,1.75,1.71,1.65,1.57,1.49,1.41,1.357,-3.78%,
Fiji,FJI,"Fertility rate, total (births per woman)",SP.DYN.TFRT.IN,3.09,3.044,2.995,2.944,2.893,2.846,2.807,2.777,2.758,2.75,2.752,2.761,2.773,2.786,2.795,2.8,2.797,2.788,2.774,2.770,-0.15%,
France,FRA,"Fertility rate, total (births per woman)",SP.DYN.TFRT.IN,1.89,1.9,1.88,1.89,1.92,1.94,2,1.98,2.01,2,2.03,2.01,2.01,1.99,2,1.96,1.92,1.9,1.88,1.857,-1.23%,
Faroe Islands,FRO,"Fertility rate, total (births per woman)",SP.DYN.TFRT.IN,2.6,2.3,2.6,2.5,2.6,2.6,2.5,2.6,2.6,2.4,2.5,2.3,2.6,2.5,2.6,2.4,2.6,2.5,2.5,2.480,-0.78%,
"Micronesia, Fed. Sts.",FSM,"Fertility rate, total (births per woman)",SP.DYN.TFRT.IN,4.3,4.204,4.105,4.007,3.912,3.823,3.739,3.661,3.589,3.522,3.46,3.402,3.347,3.294,3.243,3.193,3.145,3.098,3.053,3.016,-1.20%,
Gabon,GAB,"Fertility rate, total (births per woman)",SP.DYN.TFRT.IN,4.533,4.455,4.388,4.332,4.286,4.251,4.223,4.201,4.182,4.164,4.146,4.129,4.113,4.098,4.083,4.064,4.039,4.008,3.969,3.947,-0.56%,
United Kingdom,GBR,"Fertility rate, total (births per woman)",SP.DYN.TFRT.IN,1.64,1.63,1.63,1.7,1.75,1.76,1.82,1.86,1.91,1.89,1.92,1.91,1.92,1.83,1.81,1.8,1.79,1.74,1.68,1.655,-1.48%,
Georgia,GEO,"Fertility rate, total (births per woman)",SP.DYN.TFRT.IN,1.608,1.589,1.586,1.599,1.625,1.664,1.711,1.763,1.816,1.866,1.911,1.95,1.984,2.012,2.034,2.05,2.059,2.062,2.06,2.065,0.25%,
Ghana,GHA,"Fertility rate, total (births per woman)",SP.DYN.TFRT.IN,4.826,4.753,4.681,4.612,4.548,4.49,4.438,4.392,4.35,4.311,4.273,4.234,4.192,4.146,4.095,4.041,3.984,3.926,3.87,3.827,-1.12%,
Gibraltar,GIB,"Fertility rate, total (births per woman)",SP.DYN.TFRT.IN,,,,,,,,,,,,,,,,,,,,,,
Guinea,GIN,"Fertility rate, total (births per woman)",SP.DYN.TFRT.IN,6.082,6.015,5.947,5.877,5.804,5.729,5.653,5.575,5.496,5.417,5.336,5.256,5.175,5.094,5.013,4.933,4.854,4.777,4.7,4.640,-1.28%,
"Gambia, The",GMB,"Fertility rate, total (births per woman)",SP.DYN.TFRT.IN,5.879,5.849,5.818,5.787,5.756,5.725,5.696,5.668,5.64,5.612,5.583,5.552,5.518,5.48,5.437,5.39,5.338,5.281,5.219,5.176,-0.82%,
Guinea-Bissau,GNB,"Fertility rate, total (births per woman)",SP.DYN.TFRT.IN,5.82,5.73,5.641,5.555,5.47,5.389,5.312,5.241,5.174,5.11,5.049,4.987,4.923,4.855,4.783,4.708,4.631,4.553,4.476,4.417,-1.32%,
Equatorial Guinea,GNQ,"Fertility rate, total (births per woman)",SP.DYN.TFRT.IN,5.834,5.785,5.731,5.675,5.618,5.559,5.498,5.433,5.363,5.288,5.209,5.126,5.04,4.952,4.863,4.774,4.686,4.599,4.513,4.446,-1.48%,
Greece,GRC,"Fertility rate, total (births per woman)",SP.DYN.TFRT.IN,1.25,1.25,1.28,1.29,1.31,1.34,1.4,1.41,1.5,1.5,1.48,1.4,1.34,1.29,1.3,1.33,1.38,1.35,1.35,1.360,0.76%,
Grenada,GRD,"Fertility rate, total (births per woman)",SP.DYN.TFRT.IN,2.582,2.512,2.455,2.409,2.373,2.344,2.321,2.301,2.282,2.262,2.24,2.217,2.194,2.171,2.148,2.126,2.104,2.083,2.063,2.046,-0.80%,
Greenland,GRL,"Fertility rate, total (births per woman)",SP.DYN.TFRT.IN,2.329,2.51,2.566,2.372,2.415,2.377,2.256,2.299,2.247,2.359,2.195,2.117,2.019,2.077,2.037,2.01,2,2.09,2,1.993,-0.37%,
Guatemala,GTM,"Fertility rate, total (births per woman)",SP.DYN.TFRT.IN,4.598,4.49,4.372,4.245,4.11,3.971,3.833,3.701,3.58,3.471,3.375,3.292,3.219,3.151,3.088,3.029,2.973,2.92,2.87,2.828,-1.45%,
Guam,GUM,"Fertility rate, total (births per woman)",SP.DYN.TFRT.IN,2.824,2.794,2.758,2.718,2.677,2.636,2.598,2.564,2.534,2.509,2.488,2.469,2.45,2.429,2.406,2.383,2.358,2.334,2.313,2.295,-0.79%,
Guyana,GUY,"Fertility rate, total (births per woman)",SP.DYN.TFRT.IN,3.017,2.992,2.961,2.924,2.883,2.84,2.797,2.755,2.718,2.684,2.655,2.63,2.606,2.582,2.558,2.534,2.509,2.485,2.462,2.443,-0.76%,
High income,HIC,"Fertility rate, total (births per woman)",SP.DYN.TFRT.IN,1.708876405,1.672535807,1.657484919,1.666293329,1.675863693,1.673564919,1.712498647,1.737705953,1.74496213,1.716999011,1.705171321,1.688078442,1.693547468,1.659836538,1.669395545,1.665308596,1.659291076,1.625338654,1.597938186,1.584,-0.87%,
"Hong Kong SAR, China",HKG,"Fertility rate, total (births per woman)",SP.DYN.TFRT.IN,1.032,0.931,0.941,0.901,0.922,0.959,0.984,1.028,1.064,1.055,1.127,1.204,1.285,1.125,1.235,1.196,1.205,1.125,1.072,1.042,-2.79%,
Honduras,HND,"Fertility rate, total (births per woman)",SP.DYN.TFRT.IN,4.237,4.098,3.956,3.815,3.677,3.545,3.419,3.296,3.177,3.063,2.957,2.86,2.774,2.699,2.635,2.581,2.536,2.496,2.46,2.426,-1.37%,
Heavily indebted poor countries (HIPC),HPC,"Fertility rate, total (births per woman)",SP.DYN.TFRT.IN,6.068086342,6.005222908,5.941493445,5.876749868,5.81086791,5.743404135,5.67253285,5.599510242,5.52403579,5.446623858,5.367059784,5.285050134,5.20142545,5.116633034,5.031545815,4.946646116,4.862333242,4.779579073,4.698652301,4.635,-1.36%,
Croatia,HRV,"Fertility rate, total (births per woman)",SP.DYN.TFRT.IN,1.39,1.46,1.42,1.41,1.43,1.5,1.47,1.48,1.55,1.58,1.55,1.48,1.51,1.46,1.46,1.4,1.42,1.42,1.47,1.472,0.14%,
Haiti,HTI,"Fertility rate, total (births per woman)",SP.DYN.TFRT.IN,4.344,4.237,4.132,4.029,3.931,3.836,3.746,3.66,3.579,3.501,3.427,3.356,3.288,3.223,3.159,3.098,3.041,2.986,2.935,2.892,-1.46%,
Hungary,HUN,"Fertility rate, total (births per woman)",SP.DYN.TFRT.IN,1.32,1.31,1.3,1.27,1.28,1.31,1.34,1.32,1.35,1.32,1.25,1.23,1.34,1.35,1.44,1.45,1.53,1.54,1.55,1.573,1.48%,
IBRD only,IBD,"Fertility rate, total (births per woman)",SP.DYN.TFRT.IN,2.358012274,2.330141272,2.306081237,2.283142716,2.262321999,2.239057513,2.220119658,2.204938012,2.191451326,2.173377119,2.155773614,2.13884252,2.129299462,2.116374776,2.107674997,2.099066732,2.090617491,2.077811793,2.068011952,2.060,-0.38%,
IDA & IBRD total,IBT,"Fertility rate, total (births per woman)",SP.DYN.TFRT.IN,2.889791725,2.858466511,2.831155735,2.803887905,2.780251997,2.754197116,2.73216113,2.71424139,2.697793924,2.676974537,2.656476749,2.636544155,2.622999282,2.607980055,2.596440427,2.584768077,2.572427376,2.557044538,2.544862381,2.535,-0.40%,
IDA total,IDA,"Fertility rate, total (births per woman)",SP.DYN.TFRT.IN,5.09837605,5.023256164,4.954454855,4.882020323,4.817951706,4.749514037,4.685157211,4.624361155,4.563105644,4.49822733,4.432696836,4.368802919,4.308690123,4.253738478,4.199469885,4.144064184,4.086480219,4.030023837,3.97707251,3.934,-1.08%,
IDA blend,IDB,"Fertility rate, total (births per woman)",SP.DYN.TFRT.IN,5.120993114,5.043250592,4.981302434,4.90520434,4.851390415,4.78582987,4.730975236,4.687912358,4.640314038,4.579529057,4.512013581,4.451525776,4.396922567,4.356875276,4.312825087,4.263383288,4.207744839,4.15186762,4.09870513,4.057,-1.01%,
Indonesia,IDN,"Fertility rate, total (births per woman)",SP.DYN.TFRT.IN,2.512,2.509,2.511,2.513,2.515,2.514,2.51,2.505,2.499,2.492,2.483,2.471,2.455,2.436,2.413,2.389,2.362,2.336,2.311,2.291,-0.86%,
IDA only,IDX,"Fertility rate, total (births per woman)",SP.DYN.TFRT.IN,5.086994053,5.013186129,4.940922426,4.870325331,4.801072642,4.731174748,4.662010272,4.59224502,4.524074145,4.457109238,4.392531598,4.326904773,4.264028881,4.201564977,4.142167873,4.08380429,4.025336007,3.968692136,3.915951954,3.872,-1.12%,
Isle of Man,IMN,"Fertility rate, total (births per woman)",SP.DYN.TFRT.IN,,,1.65,,,,,,,,,,,,,,,,,,,
India,IND,"Fertility rate, total (births per woman)",SP.DYN.TFRT.IN,3.311,3.244,3.176,3.109,3.041,2.972,2.899,2.823,2.743,2.661,2.581,2.506,2.439,2.381,2.333,2.295,2.266,2.243,2.222,2.200,-0.97%,
Not classified,INX,"Fertility rate, total (births per woman)",SP.DYN.TFRT.IN,,,,,,,,,,,,,,,,,,,,,,
Ireland,IRL,"Fertility rate, total (births per woman)",SP.DYN.TFRT.IN,1.89,1.94,1.97,1.96,1.93,1.86,1.91,2.01,2.06,2.06,2.05,2.03,1.98,1.93,1.89,1.85,1.81,1.77,1.75,1.723,-1.53%,
"Iran, Islamic Rep.",IRN,"Fertility rate, total (births per woman)",SP.DYN.TFRT.IN,2.067,1.983,1.922,1.878,1.846,1.825,1.812,1.807,1.811,1.821,1.839,1.866,1.901,1.945,1.993,2.041,2.083,2.116,2.137,2.167,1.41%,
Iraq,IRQ,"Fertility rate, total (births per woman)",SP.DYN.TFRT.IN,4.94,4.847,4.758,4.676,4.6,4.534,4.48,4.437,4.403,4.374,4.343,4.301,4.243,4.168,4.076,3.972,3.864,3.762,3.672,3.596,-2.07%,
Iceland,ISL,"Fertility rate, total (births per woman)",SP.DYN.TFRT.IN,2.08,1.95,1.93,1.99,2.04,2.05,2.08,2.09,2.15,2.23,2.2,2.02,2.04,1.93,1.93,1.8,1.74,1.71,1.71,1.669,-2.39%,
Israel,ISR,"Fertility rate, total (births per woman)",SP.DYN.TFRT.IN,2.95,2.92,2.89,2.95,2.9,2.84,2.88,2.9,2.96,2.96,3.03,2.98,3.05,3.03,3.08,3.09,3.11,3.11,3.09,3.092,0.06%,
Italy,ITA,"Fertility rate, total (births per woman)",SP.DYN.TFRT.IN,1.26,1.25,1.27,1.29,1.34,1.34,1.37,1.4,1.45,1.45,1.46,1.44,1.43,1.39,1.37,1.35,1.34,1.32,1.29,1.275,-1.20%,
Jamaica,JAM,"Fertility rate, total (births per woman)",SP.DYN.TFRT.IN,2.577,2.529,2.482,2.439,2.398,2.361,2.325,2.289,2.251,2.212,2.173,2.136,2.102,2.072,2.047,2.026,2.009,1.993,1.979,1.966,-0.67%,
Jordan,JOR,"Fertility rate, total (births per woman)",SP.DYN.TFRT.IN,4.109,4.056,4.013,3.977,3.943,3.907,3.866,3.821,3.768,3.706,3.631,3.541,3.436,3.319,3.196,3.071,2.954,2.849,2.761,2.681,-2.88%,
Japan,JPN,"Fertility rate, total (births per woman)",SP.DYN.TFRT.IN,1.359,1.33,1.32,1.29,1.29,1.26,1.32,1.34,1.37,1.37,1.39,1.39,1.41,1.43,1.42,1.45,1.44,1.43,1.42,1.420,0.00%,
Kazakhstan,KAZ,"Fertility rate, total (births per woman)",SP.DYN.TFRT.IN,1.8,1.9,2,2.03,2.21,2.22,2.36,2.5,2.7,2.55,2.6,2.59,2.62,2.64,2.74,2.73,2.73,2.73,2.84,2.860,0.72%,
Kenya,KEN,"Fertility rate, total (births per woman)",SP.DYN.TFRT.IN,5.178,5.112,5.045,4.979,4.913,4.843,4.767,4.682,4.587,4.482,4.369,4.248,4.123,3.999,3.879,3.765,3.663,3.572,3.492,3.419,-2.08%,
Kyrgyz Republic,KGZ,"Fertility rate, total (births per woman)",SP.DYN.TFRT.IN,2.4,2.4,2.4,2.5,2.6,2.5,2.7,2.7,2.8,2.9,3.1,3.1,3.2,3.1,3.2,3.2,3.1,3,3.3,3.320,0.62%,
Cambodia,KHM,"Fertility rate, total (births per woman)",SP.DYN.TFRT.IN,3.805,3.654,3.521,3.406,3.309,3.227,3.155,3.086,3.018,2.947,2.875,2.804,2.739,2.682,2.633,2.593,2.559,2.53,2.503,2.478,-1.01%,
Kiribati,KIR,"Fertility rate, total (births per woman)",SP.DYN.TFRT.IN,4.058,4.015,3.979,3.95,3.927,3.909,3.895,3.883,3.872,3.859,3.843,3.822,3.796,3.765,3.73,3.692,3.651,3.61,3.569,3.538,-0.88%,
St. Kitts and Nevis,KNA,"Fertility rate, total (births per woman)",SP.DYN.TFRT.IN,,,2.107,,,,,,,,,,,,,,,,,,,
"Korea, Rep.",KOR,"Fertility rate, total (births per woman)",SP.DYN.TFRT.IN,1.467,1.297,1.166,1.18,1.154,1.076,1.123,1.25,1.192,1.149,1.226,1.244,1.297,1.187,1.205,1.239,1.172,1.052,0.977,0.937,-4.11%,
Kuwait,KWT,"Fertility rate, total (births per woman)",SP.DYN.TFRT.IN,2.845,2.772,2.69,2.614,2.548,2.494,2.447,2.399,2.347,2.291,2.234,2.182,2.139,2.109,2.09,2.083,2.082,2.083,2.082,2.080,-0.08%,
Latin America & Caribbean (excluding high income),LAC,"Fertility rate, total (births per woman)",SP.DYN.TFRT.IN,2.654536556,2.596032971,2.538383528,2.482996393,2.429586098,2.380211353,2.334616996,2.293808755,2.258009805,2.226257457,2.198628657,2.174933383,2.154072376,2.134792103,2.116042344,2.09793196,2.079639067,2.061097241,2.042639909,2.028,-0.70%,
Lao PDR,LAO,"Fertility rate, total (births per woman)",SP.DYN.TFRT.IN,4.311,4.137,3.983,3.845,3.724,3.615,3.516,3.421,3.327,3.234,3.143,3.056,2.977,2.907,2.847,2.796,2.751,2.709,2.667,2.632,-1.30%,
Lebanon,LBN,"Fertility rate, total (births per woman)",SP.DYN.TFRT.IN,2.405,2.313,2.225,2.142,2.066,2.002,1.956,1.93,1.925,1.938,1.966,2.002,2.038,2.069,2.091,2.103,2.104,2.097,2.087,2.086,-0.04%,
Liberia,LBR,"Fertility rate, total (births per woman)",SP.DYN.TFRT.IN,5.866,5.785,5.699,5.61,5.52,5.429,5.338,5.246,5.154,5.062,4.971,4.881,4.793,4.706,4.621,4.54,4.461,4.387,4.315,4.256,-1.36%,
Libya,LBY,"Fertility rate, total (births per woman)",SP.DYN.TFRT.IN,2.851,2.751,2.671,2.609,2.563,2.53,2.509,2.497,2.49,2.485,2.478,2.466,2.447,2.423,2.392,2.356,2.317,2.277,2.24,2.211,-1.30%,
St. Lucia,LCA,"Fertility rate, total (births per woman)",SP.DYN.TFRT.IN,2.202,2.06,1.933,1.826,1.74,1.675,1.63,1.598,1.574,1.555,1.538,1.522,1.508,1.496,1.485,1.473,1.461,1.448,1.436,1.426,-0.67%,
Latin America & Caribbean,LCN,"Fertility rate, total (births per woman)",SP.DYN.TFRT.IN,2.627097214,2.569325186,2.512838787,2.458900315,2.407737391,2.360369392,2.31638625,2.277246157,2.243235581,2.213004008,2.186402248,2.163374514,2.142725419,2.12322622,2.104252718,2.085470172,2.066494284,2.047151258,2.028582261,2.014,-0.73%,
Least developed countries: UN classification,LDC,"Fertility rate, total (births per woman)",SP.DYN.TFRT.IN,5.203247017,5.130936446,5.059913578,4.989385892,4.91982013,4.850594614,4.779738785,4.709581044,4.640168219,4.571688384,4.504538473,4.436570305,4.370024456,4.30462206,4.240696309,4.17847406,4.116956943,4.057551578,4.000147625,3.954,-1.16%,
Low income,LIC,"Fertility rate, total (births per woman)",SP.DYN.TFRT.IN,5.858910065,5.793926162,5.728821422,5.663130794,5.596813484,5.529104861,5.456346279,5.381388439,5.304005914,5.224826739,5.144004818,5.061773643,4.979505185,4.897738656,4.817056633,4.737567673,4.65850966,4.581387591,4.505573075,4.446,-1.33%,
Liechtenstein,LIE,"Fertility rate, total (births per woman)",SP.DYN.TFRT.IN,1.57,1.52,1.47,1.36,1.44,1.49,1.43,1.42,1.43,1.71,1.4,1.69,1.51,1.45,1.59,1.4,1.61,1.44,1.58,1.578,-0.13%,
Sri Lanka,LKA,"Fertility rate, total (births per woman)",SP.DYN.TFRT.IN,2.24,2.246,2.254,2.263,2.271,2.276,2.278,2.275,2.269,2.259,2.248,2.237,2.227,2.22,2.216,2.213,2.211,2.206,2.199,2.196,-0.15%,
Lower middle income,LMC,"Fertility rate, total (births per woman)",SP.DYN.TFRT.IN,3.496213381,3.438217184,3.385678925,3.332824579,3.283839241,3.231945155,3.183217246,3.135263044,3.088272522,3.038072103,2.988357357,2.942097312,2.900751411,2.862838131,2.82833898,2.796599985,2.765604337,2.736774182,2.711168577,2.688,-0.84%,
Low & middle income,LMY,"Fertility rate, total (births per woman)",SP.DYN.TFRT.IN,2.900291839,2.869056543,2.841923267,2.814530165,2.790458466,2.763930148,2.741396677,2.722925325,2.705682604,2.684580197,2.663847232,2.644282269,2.630596522,2.615733651,2.603916656,2.592171685,2.579345657,2.56337216,2.551194821,2.541,-0.41%,
Lesotho,LSO,"Fertility rate, total (births per woman)",SP.DYN.TFRT.IN,3.792,3.732,3.674,3.616,3.558,3.502,3.449,3.402,3.361,3.328,3.302,3.282,3.265,3.25,3.235,3.218,3.197,3.171,3.141,3.123,-0.59%,
Late-demographic dividend,LTE,"Fertility rate, total (births per woman)",SP.DYN.TFRT.IN,1.721373837,1.709763919,1.704057863,1.699072418,1.696863093,1.688665088,1.687447003,1.69370387,1.702381808,1.704189674,1.707331086,1.708233072,1.719667538,1.72370681,1.733839685,1.740571854,1.745971991,1.741245552,1.742048757,1.744,0.09%,
Lithuania,LTU,"Fertility rate, total (births per woman)",SP.DYN.TFRT.IN,1.39,1.29,1.23,1.26,1.27,1.29,1.33,1.36,1.45,1.5,1.5,1.55,1.6,1.59,1.63,1.7,1.69,1.63,1.63,1.630,0.00%,
Luxembourg,LUX,"Fertility rate, total (births per woman)",SP.DYN.TFRT.IN,1.76,1.66,1.63,1.62,1.66,1.63,1.65,1.61,1.61,1.59,1.63,1.52,1.57,1.55,1.5,1.47,1.41,1.39,1.38,1.357,-1.65%,
Latvia,LVA,"Fertility rate, total (births per woman)",SP.DYN.TFRT.IN,1.25,1.22,1.26,1.32,1.29,1.39,1.46,1.54,1.58,1.46,1.36,1.33,1.44,1.52,1.65,1.7,1.74,1.69,1.6,1.590,-0.61%,
"Macao SAR, China",MAC,"Fertility rate, total (births per woman)",SP.DYN.TFRT.IN,0.95,0.906,0.875,0.86,0.862,0.879,0.911,0.953,0.999,1.048,1.093,1.131,1.161,1.183,1.196,1.203,1.207,1.211,1.217,1.221,0.35%,
St. Martin (French part),MAF,"Fertility rate, total (births per woman)",SP.DYN.TFRT.IN,1.83,1.83,1.83,1.83,1.83,1.83,1.82,1.82,1.82,1.82,1.82,1.82,1.82,1.81,1.81,1.81,1.81,1.81,1.81,1.810,0.00%,
Morocco,MAR,"Fertility rate, total (births per woman)",SP.DYN.TFRT.IN,2.771,2.715,2.67,2.632,2.598,2.571,2.553,2.545,2.547,2.556,2.567,2.576,2.579,2.571,2.552,2.524,2.489,2.451,2.415,2.388,-1.10%,
Monaco,MCO,"Fertility rate, total (births per woman)",SP.DYN.TFRT.IN,,,,,,,,,,,,,,,,,,,,,,
Moldova,MDA,"Fertility rate, total (births per woman)",SP.DYN.TFRT.IN,1.435,1.354,1.29,1.247,1.224,1.219,1.227,1.241,1.256,1.268,1.275,1.276,1.273,1.27,1.265,1.261,1.259,1.259,1.262,1.261,-0.05%,
Madagascar,MDG,"Fertility rate, total (births per woman)",SP.DYN.TFRT.IN,5.551,5.447,5.342,5.24,5.141,5.047,4.956,4.866,4.777,4.689,4.603,4.52,4.442,4.369,4.302,4.241,4.184,4.13,4.077,4.033,-1.07%,
Maldives,MDV,"Fertility rate, total (births per woman)",SP.DYN.TFRT.IN,2.771,2.596,2.465,2.372,2.313,2.279,2.262,2.254,2.245,2.231,2.206,2.171,2.129,2.084,2.038,1.991,1.947,1.906,1.87,1.838,-1.71%,
Middle East & North Africa,MEA,"Fertility rate, total (births per woman)",SP.DYN.TFRT.IN,3.193506238,3.106122279,3.034536278,2.979306873,2.934063134,2.901936583,2.884049327,2.877105763,2.879544511,2.886097615,2.896203225,2.904100882,2.910690812,2.910271893,2.904217832,2.88941192,2.866932547,2.839241749,2.808947922,2.790,-0.66%,
Mexico,MEX,"Fertility rate, total (births per woman)",SP.DYN.TFRT.IN,2.716,2.669,2.623,2.579,2.536,2.495,2.456,2.421,2.391,2.364,2.34,2.317,2.294,2.27,2.243,2.215,2.186,2.157,2.129,2.107,-1.04%,
Marshall Islands,MHL,"Fertility rate, total (births per woman)",SP.DYN.TFRT.IN,,,,,,4.5,4.5,4.5,,,,4.05,,,,,,,,,,
Middle income,MIC,"Fertility rate, total (births per woman)",SP.DYN.TFRT.IN,2.65321379,2.621848025,2.594861138,2.567522471,2.543555064,2.516684253,2.494705081,2.477063601,2.460820521,2.440485617,2.420709459,2.402553244,2.39087155,2.37786271,2.368100933,2.358290649,2.347381386,2.332794185,2.322285024,2.313,-0.39%,
North Macedonia,MKD,"Fertility rate, total (births per woman)",SP.DYN.TFRT.IN,1.723,1.683,1.644,1.605,1.566,1.531,1.501,1.48,1.468,1.464,1.468,1.477,1.488,1.497,1.504,1.507,1.506,1.501,1.496,1.494,-0.11%,
Mali,MLI,"Fertility rate, total (births per woman)",SP.DYN.TFRT.IN,6.897,6.878,6.861,6.842,6.821,6.794,6.76,6.719,6.67,6.612,6.547,6.474,6.396,6.315,6.231,6.145,6.057,5.968,5.877,5.809,-1.16%,
Malta,MLT,"Fertility rate, total (births per woman)",SP.DYN.TFRT.IN,1.68,1.48,1.45,1.48,1.4,1.38,1.36,1.35,1.43,1.42,1.36,1.45,1.42,1.36,1.38,1.37,1.37,1.26,1.23,1.202,-2.28%,
Myanmar,MMR,"Fertility rate, total (births per woman)",SP.DYN.TFRT.IN,2.878,2.845,2.807,2.763,2.713,2.657,2.596,2.533,2.471,2.412,2.359,2.312,2.274,2.242,2.217,2.198,2.182,2.168,2.154,2.142,-0.57%,
Middle East & North Africa (excluding high income),MNA,"Fertility rate, total (births per woman)",SP.DYN.TFRT.IN,3.153754033,3.06966347,3.001587127,2.948578964,2.908278549,2.882074818,2.869732969,2.870255267,2.88092432,2.89812604,2.918526888,2.938916681,2.955703792,2.966197566,2.968150889,2.960053952,2.941389682,2.916070978,2.887164848,2.871,-0.55%,
Montenegro,MNE,"Fertility rate, total (births per woman)",SP.DYN.TFRT.IN,1.875,1.865,1.858,1.852,1.847,1.84,1.83,1.817,1.8,1.78,1.76,1.741,1.728,1.72,1.719,1.723,1.73,1.738,1.745,1.750,0.30%,
Mongolia,MNG,"Fertility rate, total (births per woman)",SP.DYN.TFRT.IN,2.141,2.095,2.078,2.087,2.121,2.177,2.253,2.343,2.441,2.541,2.637,2.722,2.794,2.852,2.894,2.918,2.923,2.914,2.895,2.895,0.01%,
Northern Mariana Islands,MNP,"Fertility rate, total (births per woman)",SP.DYN.TFRT.IN,,,,,,,,,,,,,,,,,,,,,,
Mozambique,MOZ,"Fertility rate, total (births per woman)",SP.DYN.TFRT.IN,5.826,5.813,5.794,5.768,5.733,5.688,5.634,5.576,5.515,5.454,5.392,5.329,5.264,5.198,5.131,5.062,4.992,4.922,4.852,4.798,-1.11%,
Mauritania,MRT,"Fertility rate, total (births per woman)",SP.DYN.TFRT.IN,5.413,5.369,5.323,5.277,5.23,5.184,5.14,5.098,5.057,5.019,4.98,4.939,4.895,4.847,4.794,4.738,4.679,4.619,4.561,4.516,-0.99%,
Mauritius,MUS,"Fertility rate, total (births per woman)",SP.DYN.TFRT.IN,1.99,1.91,1.94,1.87,1.92,1.88,1.77,1.74,1.67,1.59,1.57,1.55,1.54,1.44,1.43,1.36,1.4,1.44,1.41,1.406,-0.28%,
Malawi,MWI,"Fertility rate, total (births per woman)",SP.DYN.TFRT.IN,6.098,6.065,6.033,6,5.963,5.914,5.844,5.751,5.632,5.491,5.332,5.161,4.988,4.821,4.666,4.527,4.407,4.302,4.209,4.123,-2.04%,
Malaysia,MYS,"Fertility rate, total (births per woman)",SP.DYN.TFRT.IN,2.784,2.657,2.539,2.438,2.355,2.293,2.249,2.217,2.191,2.169,2.149,2.129,2.11,2.092,2.074,2.056,2.037,2.019,2.001,1.987,-0.71%,
North America,NAC,"Fertility rate, total (births per woman)",SP.DYN.TFRT.IN,1.998927144,1.978204982,1.968238347,1.994903645,1.998607226,2.005380787,2.055428214,2.073474066,2.032451724,1.968149876,1.900118856,1.865641575,1.853500067,1.830089209,1.83409536,1.815216619,1.792523584,1.73824474,1.706032485,1.682,-1.44%,
Namibia,NAM,"Fertility rate, total (births per woman)",SP.DYN.TFRT.IN,3.88,3.763,3.67,3.604,3.565,3.552,3.56,3.579,3.601,3.62,3.631,3.632,3.623,3.604,3.577,3.54,3.496,3.447,3.396,3.361,-1.03%,
New Caledonia,NCL,"Fertility rate, total (births per woman)",SP.DYN.TFRT.IN,2.59,2.43,2.33,2.27,2.18,2.2,2.29,2.2,2.2,2.2,2.2,2.15,2.28,2.19,2.17,2.06,2.08,1.97,1.97,1.932,-1.92%,
Niger,NER,"Fertility rate, total (births per woman)",SP.DYN.TFRT.IN,7.679,7.669,7.658,7.645,7.63,7.612,7.592,7.569,7.542,7.511,7.473,7.429,7.376,7.314,7.245,7.169,7.087,7.001,6.913,6.848,-0.93%,
Nigeria,NGA,"Fertility rate, total (births per woman)",SP.DYN.TFRT.IN,6.106,6.083,6.06,6.036,6.011,5.985,5.958,5.93,5.902,5.872,5.839,5.802,5.758,5.709,5.653,5.592,5.526,5.457,5.387,5.335,-0.96%,
Nicaragua,NIC,"Fertility rate, total (births per woman)",SP.DYN.TFRT.IN,3.111,3.019,2.941,2.874,2.816,2.767,2.725,2.689,2.657,2.628,2.601,2.575,2.55,2.526,2.503,2.48,2.455,2.43,2.404,2.385,-0.80%,
Netherlands,NLD,"Fertility rate, total (births per woman)",SP.DYN.TFRT.IN,1.72,1.71,1.73,1.75,1.72,1.71,1.72,1.72,1.77,1.79,1.79,1.76,1.72,1.68,1.71,1.66,1.66,1.62,1.59,1.567,-1.44%,
Norway,NOR,"Fertility rate, total (births per woman)",SP.DYN.TFRT.IN,1.85,1.78,1.75,1.8,1.83,1.84,1.9,1.9,1.96,1.98,1.95,1.88,1.85,1.78,1.75,1.72,1.71,1.62,1.56,1.525,-2.27%,
Nepal,NPL,"Fertility rate, total (births per woman)",SP.DYN.TFRT.IN,3.955,3.772,3.593,3.422,3.263,3.118,2.986,2.865,2.751,2.644,2.542,2.444,2.351,2.261,2.176,2.098,2.027,1.967,1.917,1.869,-2.50%,
Nauru,NRU,"Fertility rate, total (births per woman)",SP.DYN.TFRT.IN,,,,,,,,,,,,,,,,,,,,,,
New Zealand,NZL,"Fertility rate, total (births per woman)",SP.DYN.TFRT.IN,1.98,1.97,1.89,1.93,1.98,1.97,2.01,2.18,2.19,2.13,2.17,2.09,2.1,2.01,1.92,1.99,1.87,1.81,1.71,1.671,-2.29%,
OECD members,OED,"Fertility rate, total (births per woman)",SP.DYN.TFRT.IN,1.80345558,1.774162649,1.758282363,1.765595254,1.771280613,1.766131945,1.798023523,1.818068797,1.822812486,1.796036199,1.787003292,1.766693266,1.766036442,1.741101128,1.746155465,1.742255673,1.736138745,1.705996907,1.681332724,1.669,-0.75%,
Oman,OMN,"Fertility rate, total (births per woman)",SP.DYN.TFRT.IN,3.716,3.484,3.293,3.142,3.029,2.951,2.904,2.879,2.869,2.868,2.873,2.882,2.896,2.913,2.93,2.939,2.937,2.92,2.888,2.880,-0.29%,
Other small states,OSS,"Fertility rate, total (births per woman)",SP.DYN.TFRT.IN,3.638493554,3.575747689,3.535048891,3.49140448,3.460171086,3.423555733,3.382235791,3.351162894,3.317541364,3.282826354,3.25373479,3.224035286,3.200016781,3.170904348,3.151714982,3.127289369,3.105066348,3.077738168,3.049681139,3.030,-0.66%,
Pakistan,PAK,"Fertility rate, total (births per woman)",SP.DYN.TFRT.IN,5.037,4.904,4.774,4.648,4.528,4.416,4.31,4.211,4.118,4.031,3.951,3.88,3.816,3.759,3.708,3.66,3.612,3.562,3.51,3.472,-1.09%,
Panama,PAN,"Fertility rate, total (births per woman)",SP.DYN.TFRT.IN,2.744,2.72,2.698,2.679,2.663,2.651,2.643,2.637,2.632,2.628,2.622,2.613,2.601,2.584,2.564,2.54,2.514,2.487,2.461,2.441,-0.82%,
Peru,PER,"Fertility rate, total (births per woman)",SP.DYN.TFRT.IN,2.845,2.789,2.749,2.723,2.706,2.695,2.682,2.662,2.633,2.594,2.546,2.493,2.441,2.394,2.355,2.323,2.297,2.275,2.254,2.234,-0.87%,
Philippines,PHL,"Fertility rate, total (births per woman)",SP.DYN.TFRT.IN,3.811,3.766,3.712,3.65,3.579,3.504,3.429,3.359,3.294,3.236,3.18,3.121,3.055,2.979,2.894,2.805,2.718,2.64,2.576,2.517,-2.30%,
Palau,PLW,"Fertility rate, total (births per woman)",SP.DYN.TFRT.IN,1.83,,,,,2.02,,,,,,,2.23,,,2.21,,,,,,
Papua New Guinea,PNG,"Fertility rate, total (births per woman)",SP.DYN.TFRT.IN,4.525,4.475,4.422,4.368,4.315,4.263,4.21,4.156,4.101,4.043,3.985,3.926,3.869,3.812,3.758,3.707,3.657,3.61,3.564,3.526,-1.05%,
Poland,POL,"Fertility rate, total (births per woman)",SP.DYN.TFRT.IN,1.37,1.31,1.25,1.22,1.23,1.24,1.27,1.31,1.39,1.4,1.41,1.33,1.33,1.29,1.32,1.32,1.39,1.48,1.46,1.490,2.04%,
Pre-demographic dividend,PRE,"Fertility rate, total (births per woman)",SP.DYN.TFRT.IN,6.10633073,6.062690386,6.01902592,5.974753304,5.929233718,5.881649841,5.83068101,5.776693977,5.719160441,5.657434487,5.590877951,5.518148003,5.440309387,5.35887604,5.274783257,5.189378489,5.104321391,5.02079551,4.939726585,4.875,-1.30%,
Puerto Rico,PRI,"Fertility rate, total (births per woman)",SP.DYN.TFRT.IN,2.0485,1.9346,1.8317,1.7624,1.7822,1.7702,1.7123,1.6505,1.6516,1.6528,1.6235,1.5965,1.5425,1.47,1.432,1.3365,1.2425,1.101,1.035,0.970,-6.29%,
"Korea, Dem. People’s Rep.",PRK,"Fertility rate, total (births per woman)",SP.DYN.TFRT.IN,1.991,1.988,1.988,1.986,1.982,1.975,1.966,1.957,1.949,1.943,1.938,1.934,1.931,1.929,1.926,1.922,1.917,1.911,1.904,1.900,-0.23%,
Portugal,PRT,"Fertility rate, total (births per woman)",SP.DYN.TFRT.IN,1.55,1.45,1.46,1.44,1.4,1.41,1.37,1.35,1.39,1.34,1.39,1.35,1.28,1.21,1.23,1.31,1.36,1.38,1.42,1.461,2.91%,
Paraguay,PRY,"Fertility rate, total (births per woman)",SP.DYN.TFRT.IN,3.553,3.431,3.315,3.21,3.119,3.04,2.97,2.907,2.846,2.787,2.73,2.675,2.625,2.581,2.542,2.508,2.479,2.453,2.429,2.407,-0.91%,
West Bank and Gaza,PSE,"Fertility rate, total (births per woman)",SP.DYN.TFRT.IN,5.383,5.231,5.094,4.973,4.867,4.776,4.699,4.631,4.567,4.504,4.437,4.36,4.272,4.174,4.067,3.955,3.844,3.738,3.643,3.564,-2.18%,
Pacific island small states,PSS,"Fertility rate, total (births per woman)",SP.DYN.TFRT.IN,3.861960377,3.817334442,3.775604394,3.735994095,3.6979101,3.662722184,3.634885888,3.610966228,3.59178497,3.578597535,3.57127725,3.569496998,3.570461929,3.572301837,3.571812788,3.567205008,3.555352709,3.538089372,3.515227837,3.504,-0.32%,
Post-demographic dividend,PST,"Fertility rate, total (births per woman)",SP.DYN.TFRT.IN,1.614607428,1.587226354,1.579288218,1.596205937,1.611429608,1.611777193,1.658424152,1.687162846,1.699412476,1.672049842,1.6616325,1.644877889,1.652294217,1.624180895,1.633121473,1.631631414,1.623312941,1.581153825,1.551684266,1.536,-1.02%,
French Polynesia,PYF,"Fertility rate, total (births per woman)",SP.DYN.TFRT.IN,2.463,2.415,2.371,2.331,2.291,2.254,2.217,2.183,2.151,2.121,2.095,2.07,2.048,2.027,2.008,1.99,1.973,1.956,1.941,1.928,-0.68%,
Qatar,QAT,"Fertility rate, total (births per woman)",SP.DYN.TFRT.IN,3.236,3.124,2.996,2.858,2.713,2.569,2.433,2.312,2.211,2.13,2.07,2.027,1.997,1.972,1.95,1.929,1.907,1.886,1.866,1.850,-0.88%,
Romania,ROU,"Fertility rate, total (births per woman)",SP.DYN.TFRT.IN,1.31,1.27,1.27,1.3,1.33,1.4,1.42,1.45,1.6,1.66,1.59,1.47,1.52,1.46,1.56,1.62,1.69,1.71,1.76,1.803,2.44%,
Russian Federation,RUS,"Fertility rate, total (births per woman)",SP.DYN.TFRT.IN,1.195,1.223,1.286,1.32,1.344,1.294,1.305,1.416,1.502,1.542,1.567,1.582,1.691,1.707,1.75,1.777,1.762,1.62,1.57,1.536,-2.15%,
Rwanda,RWA,"Fertility rate, total (births per woman)",SP.DYN.TFRT.IN,5.64,5.542,5.443,5.342,5.239,5.131,5.015,4.893,4.767,4.641,4.52,4.412,4.322,4.251,4.197,4.157,4.123,4.088,4.044,4.014,-0.74%,
South Asia,SAS,"Fertility rate, total (births per woman)",SP.DYN.TFRT.IN,3.507214774,3.432358593,3.357392074,3.283697974,3.210025965,3.136436577,3.060075211,2.982348113,2.902631163,2.822670699,2.745884201,2.67477845,2.611199461,2.555691449,2.508767314,2.470078836,2.438061113,2.410617478,2.384749671,2.361,-1.01%,
Saudi Arabia,SAU,"Fertility rate, total (births per woman)",SP.DYN.TFRT.IN,3.971,3.83,3.708,3.601,3.505,3.417,3.331,3.246,3.158,3.066,2.97,2.871,2.773,2.678,2.589,2.507,2.435,2.373,2.319,2.268,-2.18%,
Sudan,SDN,"Fertility rate, total (births per woman)",SP.DYN.TFRT.IN,5.471,5.402,5.334,5.268,5.204,5.143,5.085,5.03,4.977,4.926,4.876,4.824,4.771,4.715,4.656,4.594,4.532,4.469,4.407,4.359,-1.09%,
Senegal,SEN,"Fertility rate, total (births per woman)",SP.DYN.TFRT.IN,5.448,5.365,5.292,5.232,5.185,5.149,5.124,5.107,5.094,5.081,5.064,5.039,5.005,4.96,4.905,4.841,4.77,4.697,4.625,4.571,-1.17%,
Singapore,SGP,"Fertility rate, total (births per woman)",SP.DYN.TFRT.IN,1.6,1.41,1.37,1.27,1.26,1.26,1.28,1.29,1.28,1.22,1.15,1.2,1.29,1.19,1.25,1.24,1.2,1.16,1.14,1.119,-1.83%,
Solomon Islands,SLB,"Fertility rate, total (births per woman)",SP.DYN.TFRT.IN,4.719,4.659,4.606,4.558,4.513,4.473,4.44,4.417,4.403,4.399,4.403,4.413,4.428,4.443,4.455,4.459,4.452,4.434,4.403,4.393,-0.23%,
Sierra Leone,SLE,"Fertility rate, total (births per woman)",SP.DYN.TFRT.IN,6.319,6.242,6.158,6.067,5.969,5.863,5.747,5.621,5.487,5.346,5.202,5.06,4.923,4.793,4.672,4.561,4.457,4.359,4.263,4.186,-1.82%,
El Salvador,SLV,"Fertility rate, total (births per woman)",SP.DYN.TFRT.IN,3.022,2.903,2.792,2.691,2.604,2.529,2.465,2.41,2.358,2.31,2.265,2.224,2.187,2.154,2.126,2.101,2.079,2.059,2.039,2.022,-0.83%,
San Marino,SMR,"Fertility rate, total (births per woman)",SP.DYN.TFRT.IN,,,,,,,,,,,,,1.26,,,,,,,,,
Somalia,SOM,"Fertility rate, total (births per woman)",SP.DYN.TFRT.IN,7.627,7.577,7.517,7.451,7.381,7.306,7.228,7.144,7.055,6.961,6.865,6.765,6.664,6.563,6.462,6.363,6.265,6.168,6.072,5.997,-1.24%,
Serbia,SRB,"Fertility rate, total (births per woman)",SP.DYN.TFRT.IN,1.48,1.58,1.57,1.59,1.57,1.45,1.43,1.38,1.4,1.44,1.4,1.4,1.45,1.43,1.46,1.46,1.46,1.49,1.49,1.496,0.41%,
Sub-Saharan Africa (excluding high income),SSA,"Fertility rate, total (births per woman)",SP.DYN.TFRT.IN,5.755829961,5.707218721,5.660135561,5.613553152,5.567788001,5.521450658,5.473272298,5.423650374,5.371754232,5.316866574,5.258351905,5.195532548,5.128608943,5.058613405,4.986539783,4.913149843,4.838908481,4.765420651,4.693450485,4.637,-1.20%,
South Sudan,SSD,"Fertility rate, total (births per woman)",SP.DYN.TFRT.IN,6.223,6.139,6.054,5.969,5.885,5.803,5.721,5.638,5.552,5.465,5.376,5.286,5.197,5.108,5.022,4.937,4.855,4.775,4.696,4.633,-1.33%,
Sub-Saharan Africa,SSF,"Fertility rate, total (births per woman)",SP.DYN.TFRT.IN,5.755293112,5.706678425,5.659602674,5.613046868,5.567295633,5.521001537,5.472827617,5.423245379,5.371375441,5.316514972,5.257986594,5.195216714,5.128314098,5.058320989,4.986261367,4.912890461,4.838671406,4.765199664,4.693243438,4.637,-1.20%,
Small states,SST,"Fertility rate, total (births per woman)",SP.DYN.TFRT.IN,3.374665614,3.320491052,3.282640473,3.24370485,3.214618465,3.183010309,3.148783012,3.122593749,3.094962086,3.066631773,3.042584514,3.017934612,2.997772209,2.974069685,2.957867144,2.937829697,2.919376573,2.896971389,2.87400251,2.858,-0.57%,
Sao Tome and Principe,STP,"Fertility rate, total (births per woman)",SP.DYN.TFRT.IN,5.176,5.131,5.09,5.049,5.007,4.964,4.919,4.872,4.825,4.776,4.727,4.677,4.627,4.577,4.527,4.477,4.426,4.374,4.321,4.281,-0.93%,
Suriname,SUR,"Fertility rate, total (births per woman)",SP.DYN.TFRT.IN,2.895,2.868,2.84,2.811,2.781,2.749,2.717,2.687,2.659,2.633,2.61,2.587,2.565,2.543,2.519,2.494,2.469,2.443,2.418,2.398,-0.82%,
Slovak Republic,SVK,"Fertility rate, total (births per woman)",SP.DYN.TFRT.IN,1.3,1.2,1.19,1.2,1.25,1.27,1.25,1.27,1.34,1.44,1.43,1.45,1.34,1.34,1.37,1.4,1.48,1.52,1.54,1.576,2.37%,
Slovenia,SVN,"Fertility rate, total (births per woman)",SP.DYN.TFRT.IN,1.26,1.21,1.21,1.2,1.25,1.26,1.31,1.38,1.53,1.53,1.57,1.56,1.58,1.55,1.58,1.57,1.58,1.62,1.6,1.604,0.25%,
Sweden,SWE,"Fertility rate, total (births per woman)",SP.DYN.TFRT.IN,1.54,1.57,1.65,1.71,1.75,1.77,1.85,1.88,1.91,1.94,1.98,1.9,1.91,1.89,1.88,1.85,1.85,1.78,1.76,1.737,-1.31%,
Eswatini,SWZ,"Fertility rate, total (births per woman)",SP.DYN.TFRT.IN,3.915,3.848,3.792,3.745,3.704,3.663,3.617,3.561,3.496,3.421,3.342,3.264,3.195,3.139,3.097,3.065,3.041,3.018,2.99,2.969,-0.70%,
Sint Maarten (Dutch part),SXM,"Fertility rate, total (births per woman)",SP.DYN.TFRT.IN,,1.95,,,,,,1.5,1.7,1.7,,2.03,,,,,,,,,,
Seychelles,SYC,"Fertility rate, total (births per woman)",SP.DYN.TFRT.IN,2.08,1.98,2.04,2.06,2.01,2.2,2.11,2.24,2.33,2.38,2.16,2.33,2.37,2.26,2.25,2.31,2.39,2.41,2.41,2.443,1.38%,
Syrian Arab Republic,SYR,"Fertility rate, total (births per woman)",SP.DYN.TFRT.IN,4.076,4.007,3.948,3.899,3.857,3.814,3.762,3.696,3.613,3.514,3.404,3.29,3.181,3.085,3.005,2.94,2.889,2.847,2.808,2.770,-1.35%,
Turks and Caicos Islands,TCA,"Fertility rate, total (births per woman)",SP.DYN.TFRT.IN,,,,,,,,,,,,,,,,,,,,,,
Chad,TCD,"Fertility rate, total (births per woman)",SP.DYN.TFRT.IN,7.354,7.315,7.268,7.212,7.147,7.074,6.992,6.901,6.803,6.699,6.592,6.482,6.372,6.262,6.154,6.049,5.947,5.846,5.747,5.669,-1.36%,
East Asia & Pacific (IDA & IBRD countries),TEA,"Fertility rate, total (births per woman)",SP.DYN.TFRT.IN,1.895273422,1.888785592,1.884158544,1.880336429,1.877252349,1.874758689,1.872366337,1.869988601,1.868915025,1.86818118,1.868168753,1.868586973,1.86994787,1.871463574,1.873007253,1.874398673,1.875783916,1.876086443,1.876194842,1.877,0.03%,
Europe & Central Asia (IDA & IBRD countries),TEC,"Fertility rate, total (births per woman)",SP.DYN.TFRT.IN,1.615859875,1.602760897,1.623949714,1.630141018,1.660233562,1.637185121,1.666172173,1.731802411,1.804342261,1.815239288,1.813658532,1.804267086,1.854974083,1.865257301,1.90206669,1.917194835,1.913331823,1.858111998,1.842989631,1.831,-0.63%,
Togo,TGO,"Fertility rate, total (births per woman)",SP.DYN.TFRT.IN,5.419,5.372,5.326,5.279,5.231,5.179,5.123,5.064,5.001,4.936,4.868,4.798,4.727,4.656,4.585,4.516,4.449,4.384,4.32,4.269,-1.18%,
Thailand,THA,"Fertility rate, total (births per woman)",SP.DYN.TFRT.IN,1.671,1.641,1.616,1.595,1.58,1.568,1.56,1.554,1.549,1.545,1.542,1.539,1.538,1.538,1.538,1.538,1.537,1.532,1.525,1.522,-0.17%,
Tajikistan,TJK,"Fertility rate, total (births per woman)",SP.DYN.TFRT.IN,3.967,3.862,3.773,3.703,3.652,3.619,3.602,3.595,3.594,3.596,3.599,3.603,3.608,3.615,3.621,3.623,3.618,3.606,3.585,3.578,-0.20%,
Turkmenistan,TKM,"Fertility rate, total (births per woman)",SP.DYN.TFRT.IN,2.824,2.77,2.73,2.698,2.671,2.654,2.653,2.672,2.712,2.769,2.833,2.892,2.936,2.958,2.956,2.93,2.887,2.836,2.786,2.753,-1.18%,
Latin America & the Caribbean (IDA & IBRD countries),TLA,"Fertility rate, total (births per woman)",SP.DYN.TFRT.IN,2.655543698,2.596517757,2.538790206,2.48356598,2.430558708,2.381605456,2.336425682,2.295962132,2.260304598,2.22852916,2.200647751,2.176504211,2.155035458,2.135050515,2.115563957,2.096730314,2.077761367,2.058601455,2.039695843,2.025,-0.73%,
Timor-Leste,TLS,"Fertility rate, total (births per woman)",SP.DYN.TFRT.IN,6.113,6.171,6.182,6.137,6.033,5.876,5.675,5.451,5.223,5.004,4.805,4.637,4.497,4.383,4.292,4.219,4.156,4.093,4.023,3.971,-1.29%,
Middle East & North Africa (IDA & IBRD countries),TMN,"Fertility rate, total (births per woman)",SP.DYN.TFRT.IN,3.133569292,3.050039052,2.982516119,2.930020359,2.890168229,2.864368201,2.852375092,2.853272917,2.864343671,2.882027911,2.903014667,2.924160146,2.941807122,2.953237146,2.956174869,2.949051431,2.931265182,2.906745122,2.878447265,2.863,-0.53%,
Tonga,TON,"Fertility rate, total (births per woman)",SP.DYN.TFRT.IN,4.25,4.236,4.221,4.202,4.177,4.144,4.104,4.059,4.012,3.963,3.913,3.864,3.815,3.768,3.722,3.678,3.636,3.595,3.556,3.524,-0.91%,
South Asia (IDA & IBRD),TSA,"Fertility rate, total (births per woman)",SP.DYN.TFRT.IN,3.507214774,3.432358593,3.357392074,3.283697974,3.210025965,3.136436577,3.060075211,2.982348113,2.902631163,2.822670699,2.745884201,2.67477845,2.611199461,2.555691449,2.508767314,2.470078836,2.438061113,2.410617478,2.384749671,2.361,-1.01%,
Sub-Saharan Africa (IDA & IBRD countries),TSS,"Fertility rate, total (births per woman)",SP.DYN.TFRT.IN,5.755293112,5.706678425,5.659602674,5.613046868,5.567295633,5.521001537,5.472827617,5.423245379,5.371375441,5.316514972,5.257986594,5.195216714,5.128314098,5.058320989,4.986261367,4.912890461,4.838671406,4.765199664,4.693243438,4.637,-1.20%,
Trinidad and Tobago,TTO,"Fertility rate, total (births per woman)",SP.DYN.TFRT.IN,1.753,1.744,1.744,1.749,1.758,1.769,1.78,1.79,1.799,1.804,1.806,1.804,1.799,1.79,1.78,1.767,1.753,1.739,1.725,1.714,-0.63%,
Tunisia,TUN,"Fertility rate, total (births per woman)",SP.DYN.TFRT.IN,2.142,2.088,2.046,2.016,1.997,1.991,1.999,2.02,2.054,2.095,2.14,2.182,2.216,2.24,2.252,2.251,2.238,2.219,2.197,2.186,-0.49%,
Turkey,TUR,"Fertility rate, total (births per woman)",SP.DYN.TFRT.IN,2.503,2.451,2.4,2.353,2.31,2.273,2.24,2.213,2.189,2.168,2.151,2.137,2.126,2.117,2.109,2.101,2.092,2.081,2.069,2.061,-0.38%,
Tuvalu,TUV,"Fertility rate, total (births per woman)",SP.DYN.TFRT.IN,,,,,,,,,,,,,,,,,,,,,,
Tanzania,TZA,"Fertility rate, total (births per woman)",SP.DYN.TFRT.IN,5.689,5.675,5.666,5.659,5.651,5.638,5.616,5.584,5.542,5.489,5.427,5.358,5.287,5.215,5.146,5.079,5.015,4.953,4.892,4.843,-1.01%,
Uganda,UGA,"Fertility rate, total (births per woman)",SP.DYN.TFRT.IN,6.866,6.823,6.776,6.723,6.662,6.594,6.516,6.429,6.333,6.227,6.111,5.983,5.845,5.699,5.547,5.394,5.242,5.095,4.955,4.844,-2.23%,
Ukraine,UKR,"Fertility rate, total (births per woman)",SP.DYN.TFRT.IN,1.11,1.085,1.126,1.172,1.218,1.213,1.31,1.345,1.458,1.473,1.443,1.459,1.531,1.506,1.498,1.506,1.466,1.374,1.301,1.265,-2.78%,
Upper middle income,UMC,"Fertility rate, total (births per woman)",SP.DYN.TFRT.IN,1.895828721,1.880490307,1.870467886,1.861208154,1.854594865,1.844259547,1.840031494,1.84314627,1.848079142,1.84848472,1.849852268,1.851727164,1.862169113,1.86679522,1.874864351,1.880168686,1.882805924,1.8756063,1.873500897,1.873,-0.01%,
Uruguay,URY,"Fertility rate, total (births per woman)",SP.DYN.TFRT.IN,2.237,2.211,2.184,2.156,2.126,2.097,2.07,2.048,2.03,2.018,2.011,2.008,2.006,2.004,2.002,1.997,1.991,1.983,1.973,1.967,-0.29%,
United States,USA,"Fertility rate, total (births per woman)",SP.DYN.TFRT.IN,2.056,2.0305,2.0205,2.0475,2.0515,2.057,2.108,2.12,2.072,2.002,1.931,1.8945,1.8805,1.8575,1.8625,1.8435,1.8205,1.7655,1.7295,1.704,-1.47%,
Uzbekistan,UZB,"Fertility rate, total (births per woman)",SP.DYN.TFRT.IN,2.58,2.46,2.52,2.36,2.46,2.36,2.39,2.554,2.637,2.53,2.342,2.236,2.193,2.35,2.457,2.491,2.455,2.419,2.419,2.411,-0.31%,
St. Vincent and the Grenadines,VCT,"Fertility rate, total (births per woman)",SP.DYN.TFRT.IN,2.379,2.321,2.271,2.229,2.196,2.17,2.149,2.131,2.112,2.092,2.07,2.046,2.021,1.998,1.975,1.953,1.931,1.911,1.891,1.875,-0.87%,
"Venezuela, RB",VEN,"Fertility rate, total (births per woman)",SP.DYN.TFRT.IN,2.822,2.779,2.739,2.701,2.664,2.629,2.595,2.562,2.53,2.5,2.471,2.444,2.417,2.39,2.365,2.34,2.317,2.294,2.272,2.254,-0.80%,
British Virgin Islands,VGB,"Fertility rate, total (births per woman)",SP.DYN.TFRT.IN,,,,,,,,,,,,,,,,,,,,,,
Virgin Islands (U.S.),VIR,"Fertility rate, total (births per woman)",SP.DYN.TFRT.IN,2.06,1.9,2.21,2.07,2.17,2.24,2.03,2.51,2.44,2.37,2.3,2.16,2.05,2.07,2.09,2.11,2.09,2.08,2.06,2.054,-0.29%,
Vietnam,VNM,"Fertility rate, total (births per woman)",SP.DYN.TFRT.IN,2.01,1.954,1.92,1.901,1.894,1.894,1.899,1.907,1.918,1.928,1.938,1.949,1.962,1.978,1.996,2.014,2.03,2.042,2.049,2.060,0.53%,
Vanuatu,VUT,"Fertility rate, total (births per woman)",SP.DYN.TFRT.IN,4.492,4.454,4.416,4.378,4.34,4.301,4.261,4.221,4.18,4.14,4.1,4.06,4.019,3.979,3.939,3.898,3.859,3.82,3.782,3.751,-0.81%,
World,WLD,"Fertility rate, total (births per woman)",SP.DYN.TFRT.IN,2.696020805,2.666310244,2.643704469,2.624844489,2.608569007,2.588011689,2.577129359,2.56712824,2.555065073,2.534291531,2.516407987,2.498808327,2.489384884,2.473018583,2.465647508,2.456263749,2.445575653,2.428196238,2.415032205,2.405,-0.41%,
Samoa,WSM,"Fertility rate, total (births per woman)",SP.DYN.TFRT.IN,4.503,4.476,4.46,4.454,4.456,4.46,4.46,4.45,4.426,4.388,4.338,4.277,4.212,4.147,4.086,4.029,3.976,3.926,3.877,3.837,-1.04%,
Kosovo,XKX,"Fertility rate, total (births per woman)",SP.DYN.TFRT.IN,2.95,2.8,2.66,2.34,2.53,2.65,2.43,2.43,2.38,2.34,2.29,2.24,2.19,2.16,2.13,2.09,2.06,2.02,2,1.975,-1.25%,
"Yemen, Rep.",YEM,"Fertility rate, total (births per woman)",SP.DYN.TFRT.IN,6.313,6.13,5.954,5.778,5.601,5.425,5.253,5.09,4.94,4.801,4.674,4.554,4.439,4.326,4.214,4.103,3.994,3.89,3.792,3.713,-2.09%,
South Africa,ZAF,"Fertility rate, total (births per woman)",SP.DYN.TFRT.IN,2.694,2.652,2.624,2.608,2.603,2.603,2.607,2.61,2.611,2.608,2.598,2.582,2.561,2.537,2.511,2.484,2.457,2.43,2.405,2.384,-0.86%,
Zambia,ZMB,"Fertility rate, total (births per woman)",SP.DYN.TFRT.IN,6.036,6.003,5.963,5.915,5.859,5.794,5.724,5.65,5.574,5.496,5.415,5.328,5.233,5.132,5.026,4.918,4.814,4.718,4.633,4.558,-1.62%,
Zimbabwe,ZWE,"Fertility rate, total (births per woman)",SP.DYN.TFRT.IN,3.748,3.725,3.718,3.725,3.744,3.775,3.819,3.873,3.931,3.988,4.034,4.059,4.058,4.03,3.974,3.896,3.804,3.707,3.615,3.547,-1.88%,
